dataset,product_number,title,revision_date,posted_date,pdf_url,source_page_url,kind,revision_year
prior,Publication 1,Your Rights As A Taxpayer,2017,,https://www.irs.gov/pub/irs-prior/p1--2017.pdf,https://www.irs.gov/prior-year-forms-and-instructions?items_per_page=200&page=0,publication,2017
prior,Publication 1,Your Rights As A Taxpayer,2014,,https://www.irs.gov/pub/irs-prior/p1--2014.pdf,https://www.irs.gov/prior-year-forms-and-instructions?items_per_page=200&page=0,publication,2014
prior,Publication 1,Your Rights As A Taxpayer,2012,,https://www.irs.gov/pub/irs-prior/p1--2012.pdf,https://www.irs.gov/prior-year-forms-and-instructions?items_per_page=200&page=0,publication,2012
prior,Publication 1,Your Rights As A Taxpayer,2005,,https://www.irs.gov/pub/irs-prior/p1--2005.pdf,https://www.irs.gov/prior-year-forms-and-instructions?items_per_page=200&page=0,publication,2005
prior,Publication 1,Your Rights As A Taxpayer,2000,,https://www.irs.gov/pub/irs-prior/p1--2000.pdf,https://www.irs.gov/prior-year-forms-and-instructions?items_per_page=200&page=0,publication,2000
prior,Publication 1,Your Rights As A Taxpayer,1998,,https://www.irs.gov/pub/irs-prior/p1--1998.pdf,https://www.irs.gov/prior-year-forms-and-instructions?items_per_page=200&page=0,publication,1998
prior,Publication 1,Your Rights As A Taxpayer,1996,,https://www.irs.gov/pub/irs-prior/p1--1996.pdf,https://www.irs.gov/prior-year-forms-and-instructions?items_per_page=200&page=0,publication,1996
prior,Publication 1 (AR),Your Rights As A Taxpayer (Arabic Version),2017,,https://www.irs.gov/pub/irs-prior/p1ar--2017.pdf,https://www.irs.gov/prior-year-forms-and-instructions?items_per_page=200&page=0,publication,2017
prior,Publication 1 (BN),Your Rights As A Taxpayer (Bengali Version),2017,,https://www.irs.gov/pub/irs-prior/p1bn--2017.pdf,https://www.irs.gov/prior-year-forms-and-instructions?items_per_page=200&page=0,publication,2017
prior,Publication 1 (CN-T),Your Rights As A Taxpayer (Chinese Traditional Version),2017,,https://www.irs.gov/pub/irs-prior/p1cnt--2017.pdf,https://www.irs.gov/prior-year-forms-and-instructions?items_per_page=200&page=0,publication,2017
prior,Publication 1 (FA),Your Rights As A Taxpayer (Farsi Version),2017,,https://www.irs.gov/pub/irs-prior/p1fa--2017.pdf,https://www.irs.gov/prior-year-forms-and-instructions?items_per_page=200&page=0,publication,2017
prior,Publication 1 (FR),Your Rights As A Taxpayer (French Version),2017,,https://www.irs.gov/pub/irs-prior/p1fr--2017.pdf,https://www.irs.gov/prior-year-forms-and-instructions?items_per_page=200&page=0,publication,2017
prior,Publication 1 (GUJ),Your Rights As A Taxpayer (Gujarati Version),2017,,https://www.irs.gov/pub/irs-prior/p1guj--2017.pdf,https://www.irs.gov/prior-year-forms-and-instructions?items_per_page=200&page=0,publication,2017
prior,Publication 1 (HT),Your Rights As A Taxpayer (Haitian Creole Version),2017,,https://www.irs.gov/pub/irs-prior/p1ht--2017.pdf,https://www.irs.gov/prior-year-forms-and-instructions?items_per_page=200&page=0,publication,2017
prior,Publication 1 (IT),Your Rights As A Taxpayer (Italian Version),2017,,https://www.irs.gov/pub/irs-prior/p1it--2017.pdf,https://www.irs.gov/prior-year-forms-and-instructions?items_per_page=200&page=0,publication,2017
prior,Publication 1 (JA),Your Rights As A Taxpayer (Japanese Version),2017,,https://www.irs.gov/pub/irs-prior/p1ja--2017.pdf,https://www.irs.gov/prior-year-forms-and-instructions?items_per_page=200&page=0,publication,2017
prior,Publication 1 (KM),Your Rights As A Taxpayer (Khmer-Central (Cambodia) Version),2017,,https://www.irs.gov/pub/irs-prior/p1km--2017.pdf,https://www.irs.gov/prior-year-forms-and-instructions?items_per_page=200&page=0,publication,2017
prior,Publication 1 (KO),Your Rights As A Taxpayer (Korean Version),2017,,https://www.irs.gov/pub/irs-prior/p1ko--2017.pdf,https://www.irs.gov/prior-year-forms-and-instructions?items_per_page=200&page=0,publication,2017
prior,Publication 1 (PA),Your Rights As A Taxpayer (Punjabi Version),2017,,https://www.irs.gov/pub/irs-prior/p1pa--2017.pdf,https://www.irs.gov/prior-year-forms-and-instructions?items_per_page=200&page=0,publication,2017
prior,Publication 1 (PL),Your Rights As A Taxpayer (Polish Version),2017,,https://www.irs.gov/pub/irs-prior/p1pl--2017.pdf,https://www.irs.gov/prior-year-forms-and-instructions?items_per_page=200&page=0,publication,2017
prior,Publication 1 (PT),Your Rights As A Taxpayer (Portuguese Version),2017,,https://www.irs.gov/pub/irs-prior/p1pt--2017.pdf,https://www.irs.gov/prior-year-forms-and-instructions?items_per_page=200&page=0,publication,2017
prior,Publication 1 (RU),Your Rights As A Taxpayer (Russian Version),2017,,https://www.irs.gov/pub/irs-prior/p1ru--2017.pdf,https://www.irs.gov/prior-year-forms-and-instructions?items_per_page=200&page=0,publication,2017
prior,Publication 1 (SP),Your Rights As A Taxpayer (Spanish Version),2017,,https://www.irs.gov/pub/irs-prior/p1sp--2017.pdf,https://www.irs.gov/prior-year-forms-and-instructions?items_per_page=200&page=0,publication,2017
prior,Publication 1 (SP),Derechos del Contribuyente,2014,,https://www.irs.gov/pub/irs-prior/p1sp--2014.pdf,https://www.irs.gov/prior-year-forms-and-instructions?items_per_page=200&page=0,publication,2014
prior,Publication 1 (SP),Derechos del Contribuyente,2012,,https://www.irs.gov/pub/irs-prior/p1sp--2012.pdf,https://www.irs.gov/prior-year-forms-and-instructions?items_per_page=200&page=0,publication,2012
prior,Publication 1 (TL),Your Rights As A Taxpayer (Tagalog Version),2017,,https://www.irs.gov/pub/irs-prior/p1tl--2017.pdf,https://www.irs.gov/prior-year-forms-and-instructions?items_per_page=200&page=0,publication,2017
prior,Publication 1 (UR),Your Rights As A Taxpayer (Urdu Version),2017,,https://www.irs.gov/pub/irs-prior/p1ur--2017.pdf,https://www.irs.gov/prior-year-forms-and-instructions?items_per_page=200&page=0,publication,2017
prior,Publication 1 (VIE),Your Rights As A Taxpayer (Vietnamese Version),2017,,https://www.irs.gov/pub/irs-prior/p1vie--2017.pdf,https://www.irs.gov/prior-year-forms-and-instructions?items_per_page=200&page=0,publication,2017
prior,Publication 1 (ZH-T),Your Rights As A Taxpayer (Chinese Traditional Version),2017,,https://www.irs.gov/pub/irs-prior/p1zht--2017.pdf,https://www.irs.gov/prior-year-forms-and-instructions?items_per_page=200&page=0,publication,2017
prior,Publication 3,Armed Forces' Tax Guide,2025,,https://www.irs.gov/pub/irs-prior/p3--2025.pdf,https://www.irs.gov/prior-year-forms-and-instructions?items_per_page=200&page=0,publication,2025
prior,Publication 3,Armed Forces' Tax Guide,2024,,https://www.irs.gov/pub/irs-prior/p3--2024.pdf,https://www.irs.gov/prior-year-forms-and-instructions?items_per_page=200&page=0,publication,2024
prior,Publication 3,Armed Forces' Tax Guide,2023,,https://www.irs.gov/pub/irs-prior/p3--2023.pdf,https://www.irs.gov/prior-year-forms-and-instructions?items_per_page=200&page=0,publication,2023
prior,Publication 3,Armed Forces' Tax Guide,2022,,https://www.irs.gov/pub/irs-prior/p3--2022.pdf,https://www.irs.gov/prior-year-forms-and-instructions?items_per_page=200&page=0,publication,2022
prior,Publication 3,Armed Forces' Tax Guide,2021,,https://www.irs.gov/pub/irs-prior/p3--2021.pdf,https://www.irs.gov/prior-year-forms-and-instructions?items_per_page=200&page=0,publication,2021
prior,Publication 3,Armed Forces' Tax Guide,2020,,https://www.irs.gov/pub/irs-prior/p3--2020.pdf,https://www.irs.gov/prior-year-forms-and-instructions?items_per_page=200&page=0,publication,2020
prior,Publication 3,Armed Forces' Tax Guide,2019,,https://www.irs.gov/pub/irs-prior/p3--2019.pdf,https://www.irs.gov/prior-year-forms-and-instructions?items_per_page=200&page=0,publication,2019
prior,Publication 3,Armed Forces' Tax Guide,2018,,https://www.irs.gov/pub/irs-prior/p3--2018.pdf,https://www.irs.gov/prior-year-forms-and-instructions?items_per_page=200&page=0,publication,2018
prior,Publication 3,Armed Forces' Tax Guide,2017,,https://www.irs.gov/pub/irs-prior/p3--2017.pdf,https://www.irs.gov/prior-year-forms-and-instructions?items_per_page=200&page=0,publication,2017
prior,Publication 3,Armed Forces' Tax Guide,2016,,https://www.irs.gov/pub/irs-prior/p3--2016.pdf,https://www.irs.gov/prior-year-forms-and-instructions?items_per_page=200&page=0,publication,2016
prior,Publication 3,Armed Forces' Tax Guide,2015,,https://www.irs.gov/pub/irs-prior/p3--2015.pdf,https://www.irs.gov/prior-year-forms-and-instructions?items_per_page=200&page=0,publication,2015
prior,Publication 3,Armed Forces' Tax Guide,2014,,https://www.irs.gov/pub/irs-prior/p3--2014.pdf,https://www.irs.gov/prior-year-forms-and-instructions?items_per_page=200&page=0,publication,2014
prior,Publication 3,Armed Forces' Tax Guide,2013,,https://www.irs.gov/pub/irs-prior/p3--2013.pdf,https://www.irs.gov/prior-year-forms-and-instructions?items_per_page=200&page=0,publication,2013
prior,Publication 3,Armed Forces' Tax Guide,2012,,https://www.irs.gov/pub/irs-prior/p3--2012.pdf,https://www.irs.gov/prior-year-forms-and-instructions?items_per_page=200&page=0,publication,2012
prior,Publication 3,Armed Forces' Tax Guide,2011,,https://www.irs.gov/pub/irs-prior/p3--2011.pdf,https://www.irs.gov/prior-year-forms-and-instructions?items_per_page=200&page=0,publication,2011
prior,Publication 3,Armed Forces' Tax Guide,2010,,https://www.irs.gov/pub/irs-prior/p3--2010.pdf,https://www.irs.gov/prior-year-forms-and-instructions?items_per_page=200&page=0,publication,2010
prior,Publication 3,Armed Forces' Tax Guide,2009,,https://www.irs.gov/pub/irs-prior/p3--2009.pdf,https://www.irs.gov/prior-year-forms-and-instructions?items_per_page=200&page=0,publication,2009
prior,Publication 3,Armed Forces' Tax Guide,2008,,https://www.irs.gov/pub/irs-prior/p3--2008.pdf,https://www.irs.gov/prior-year-forms-and-instructions?items_per_page=200&page=0,publication,2008
prior,Publication 3,Armed Forces' Tax Guide,2007,,https://www.irs.gov/pub/irs-prior/p3--2007.pdf,https://www.irs.gov/prior-year-forms-and-instructions?items_per_page=200&page=0,publication,2007
prior,Publication 3,Armed Forces' Tax Guide,2006,,https://www.irs.gov/pub/irs-prior/p3--2006.pdf,https://www.irs.gov/prior-year-forms-and-instructions?items_per_page=200&page=0,publication,2006
prior,Publication 3,Armed Forces' Tax Guide,2005,,https://www.irs.gov/pub/irs-prior/p3--2005.pdf,https://www.irs.gov/prior-year-forms-and-instructions?items_per_page=200&page=0,publication,2005
prior,Publication 3,Armed Forces' Tax Guide,2004,,https://www.irs.gov/pub/irs-prior/p3--2004.pdf,https://www.irs.gov/prior-year-forms-and-instructions?items_per_page=200&page=0,publication,2004
prior,Publication 3,Armed Forces' Tax Guide,2003,,https://www.irs.gov/pub/irs-prior/p3--2003.pdf,https://www.irs.gov/prior-year-forms-and-instructions?items_per_page=200&page=0,publication,2003
prior,Publication 3,Armed Forces' Tax Guide,2002,,https://www.irs.gov/pub/irs-prior/p3--2002.pdf,https://www.irs.gov/prior-year-forms-and-instructions?items_per_page=200&page=0,publication,2002
prior,Publication 3,Armed Forces' Tax Guide,2001,,https://www.irs.gov/pub/irs-prior/p3--2001.pdf,https://www.irs.gov/prior-year-forms-and-instructions?items_per_page=200&page=0,publication,2001
prior,Publication 3,Armed Forces' Tax Guide,2000,,https://www.irs.gov/pub/irs-prior/p3--2000.pdf,https://www.irs.gov/prior-year-forms-and-instructions?items_per_page=200&page=0,publication,2000
prior,Publication 3,Armed Forces' Tax Guide,1999,,https://www.irs.gov/pub/irs-prior/p3--1999.pdf,https://www.irs.gov/prior-year-forms-and-instructions?items_per_page=200&page=0,publication,1999
prior,Publication 3,Armed Forces' Tax Guide,1998,,https://www.irs.gov/pub/irs-prior/p3--1998.pdf,https://www.irs.gov/prior-year-forms-and-instructions?items_per_page=200&page=0,publication,1998
prior,Publication 3,Armed Forces' Tax Guide,1997,,https://www.irs.gov/pub/irs-prior/p3--1997.pdf,https://www.irs.gov/prior-year-forms-and-instructions?items_per_page=200&page=0,publication,1997
prior,Publication 3,Armed Forces' Tax Guide,1996,,https://www.irs.gov/pub/irs-prior/p3--1996.pdf,https://www.irs.gov/prior-year-forms-and-instructions?items_per_page=200&page=0,publication,1996
prior,Publication 3,Armed Forces' Tax Guide,1995,,https://www.irs.gov/pub/irs-prior/p3--1995.pdf,https://www.irs.gov/prior-year-forms-and-instructions?items_per_page=200&page=0,publication,1995
prior,Publication 4,Student's Guide to Federal Income Tax,2000,,https://www.irs.gov/pub/irs-prior/p4--2000.pdf,https://www.irs.gov/prior-year-forms-and-instructions?items_per_page=200&page=0,publication,2000
prior,Publication 4,Student's Guide to Federal Income Tax,1999,,https://www.irs.gov/pub/irs-prior/p4--1999.pdf,https://www.irs.gov/prior-year-forms-and-instructions?items_per_page=200&page=0,publication,1999
prior,Publication 4,Student's Guide to Federal Income Tax,1998,,https://www.irs.gov/pub/irs-prior/p4--1998.pdf,https://www.irs.gov/prior-year-forms-and-instructions?items_per_page=200&page=0,publication,1998
prior,Publication 4,Student's Guide to Federal Income Tax,1997,,https://www.irs.gov/pub/irs-prior/p4--1997.pdf,https://www.irs.gov/prior-year-forms-and-instructions?items_per_page=200&page=0,publication,1997
prior,Publication 4,Student's Guide to Federal Income Tax,1996,,https://www.irs.gov/pub/irs-prior/p4--1996.pdf,https://www.irs.gov/prior-year-forms-and-instructions?items_per_page=200&page=0,publication,1996
prior,Publication 4,Student's Guide to Federal Income Tax,1995,,https://www.irs.gov/pub/irs-prior/p4--1995.pdf,https://www.irs.gov/prior-year-forms-and-instructions?items_per_page=200&page=0,publication,1995
prior,Publication 4,Student's Guide to Federal Income Tax,1994,,https://www.irs.gov/pub/irs-prior/p4--1994.pdf,https://www.irs.gov/prior-year-forms-and-instructions?items_per_page=200&page=0,publication,1994
prior,Publication 5 (SP),Your Appeal Rights and How to Prepare a Protest if you Don't Agree (Spanish version),2005,,https://www.irs.gov/pub/irs-prior/p5sp--2005.pdf,https://www.irs.gov/prior-year-forms-and-instructions?items_per_page=200&page=0,publication,2005
prior,Form 11-C,Occupational Tax and Registration Return for Wagering,2017,,https://www.irs.gov/pub/irs-prior/f11c--2017.pdf,https://www.irs.gov/prior-year-forms-and-instructions?items_per_page=200&page=0,form,2017
prior,Form 11-C,Occupational Tax and Registration Return for Wagering,2016,,https://www.irs.gov/pub/irs-prior/f11c--2016.pdf,https://www.irs.gov/prior-year-forms-and-instructions?items_per_page=200&page=0,form,2016
prior,Form 11-C,Occupational Tax and Registration Return for Wagering,2013,,https://www.irs.gov/pub/irs-prior/f11c--2013.pdf,https://www.irs.gov/prior-year-forms-and-instructions?items_per_page=200&page=0,form,2013
prior,Form 11-C,Occupational Tax and Registration Return for Wagering,2012,,https://www.irs.gov/pub/irs-prior/f11c--2012.pdf,https://www.irs.gov/prior-year-forms-and-instructions?items_per_page=200&page=0,form,2012
prior,Form 11-C,Occupational Tax and Registration Return for Wagering,2008,,https://www.irs.gov/pub/irs-prior/f11c--2008.pdf,https://www.irs.gov/prior-year-forms-and-instructions?items_per_page=200&page=0,form,2008
prior,Form 11-C,Occupational Tax and Registration Return for Wagering,2006,,https://www.irs.gov/pub/irs-prior/f11c--2006.pdf,https://www.irs.gov/prior-year-forms-and-instructions?items_per_page=200&page=0,form,2006
prior,Form 11-C,Occupational Tax and Registration Return for Wagering,2003,,https://www.irs.gov/pub/irs-prior/f11c--2003.pdf,https://www.irs.gov/prior-year-forms-and-instructions?items_per_page=200&page=0,form,2003
prior,Form 11-C,Occupational Tax and Registration Return for Wagering,2001,,https://www.irs.gov/pub/irs-prior/f11c--2001.pdf,https://www.irs.gov/prior-year-forms-and-instructions?items_per_page=200&page=0,form,2001
prior,Form 11-C,Occupational Tax and Registration Return for Wagering,1998,,https://www.irs.gov/pub/irs-prior/f11c--1998.pdf,https://www.irs.gov/prior-year-forms-and-instructions?items_per_page=200&page=0,form,1998
prior,Form 11-C,Occupational Tax and Registration Return for Wagering,1996,,https://www.irs.gov/pub/irs-prior/f11c--1996.pdf,https://www.irs.gov/prior-year-forms-and-instructions?items_per_page=200&page=0,form,1996
prior,Form 11-C,Occupational Tax and Registration Return for Wagering,1995,,https://www.irs.gov/pub/irs-prior/f11c--1995.pdf,https://www.irs.gov/prior-year-forms-and-instructions?items_per_page=200&page=0,form,1995
prior,Form 11-C,Occupational Tax and Registration Return for Wagering,1992,,https://www.irs.gov/pub/irs-prior/f11c--1992.pdf,https://www.irs.gov/prior-year-forms-and-instructions?items_per_page=200&page=0,form,1992
prior,Form 11-C,Occupational Tax and Registration Return for Wagering,1989,,https://www.irs.gov/pub/irs-prior/f11c--1989.pdf,https://www.irs.gov/prior-year-forms-and-instructions?items_per_page=200&page=0,form,1989
prior,Form 11-C,Occupational Tax and Registration Return for Wagering,1987,,https://www.irs.gov/pub/irs-prior/f11c--1987.pdf,https://www.irs.gov/prior-year-forms-and-instructions?items_per_page=200&page=0,form,1987
prior,Form 11-C,Occupational Tax and Registration Return for Wagering,1985,,https://www.irs.gov/pub/irs-prior/f11c--1985.pdf,https://www.irs.gov/prior-year-forms-and-instructions?items_per_page=200&page=0,form,1985
prior,Form 11-C,Occupational Tax and Registration Return for Wagering,1984,,https://www.irs.gov/pub/irs-prior/f11c--1984.pdf,https://www.irs.gov/prior-year-forms-and-instructions?items_per_page=200&page=0,form,1984
prior,Form 11-C,Occupational Tax and Registration Return for Wagering,1983,,https://www.irs.gov/pub/irs-prior/f11c--1983.pdf,https://www.irs.gov/prior-year-forms-and-instructions?items_per_page=200&page=0,form,1983
prior,Form 11-C,Occupational Tax and Registration Return for Wagering,1981,,https://www.irs.gov/pub/irs-prior/f11c--1981.pdf,https://www.irs.gov/prior-year-forms-and-instructions?items_per_page=200&page=0,form,1981
prior,Form 11-C,Occupational Tax and Registration Return for Wagering,1978,,https://www.irs.gov/pub/irs-prior/f11c--1978.pdf,https://www.irs.gov/prior-year-forms-and-instructions?items_per_page=200&page=0,form,1978
prior,Form 11-C,Occupational Tax and Registration Return for Wagering,1974,,https://www.irs.gov/pub/irs-prior/f11c--1974.pdf,https://www.irs.gov/prior-year-forms-and-instructions?items_per_page=200&page=0,form,1974
prior,Publication 15,(Circular E) Employer's Tax Guide,2026,,https://www.irs.gov/pub/irs-prior/p15--2026.pdf,https://www.irs.gov/prior-year-forms-and-instructions?items_per_page=200&page=0,publication,2026
prior,Publication 15,"Circular E, Employer's Tax Guide",2025,,https://www.irs.gov/pub/irs-prior/p15--2025.pdf,https://www.irs.gov/prior-year-forms-and-instructions?items_per_page=200&page=0,publication,2025
prior,Publication 15,"Circular E, Employer's Tax Guide",2024,,https://www.irs.gov/pub/irs-prior/p15--2024.pdf,https://www.irs.gov/prior-year-forms-and-instructions?items_per_page=200&page=0,publication,2024
prior,Publication 15,"Circular E, Employer's Tax Guide",2023,,https://www.irs.gov/pub/irs-prior/p15--2023.pdf,https://www.irs.gov/prior-year-forms-and-instructions?items_per_page=200&page=0,publication,2023
prior,Publication 15,"Circular E, Employer's Tax Guide",2022,,https://www.irs.gov/pub/irs-prior/p15--2022.pdf,https://www.irs.gov/prior-year-forms-and-instructions?items_per_page=200&page=0,publication,2022
prior,Publication 15,"Circular E, Employer's Tax Guide",2021,,https://www.irs.gov/pub/irs-prior/p15--2021.pdf,https://www.irs.gov/prior-year-forms-and-instructions?items_per_page=200&page=0,publication,2021
prior,Publication 15,"Circular E, Employer's Tax Guide",2020,,https://www.irs.gov/pub/irs-prior/p15--2020.pdf,https://www.irs.gov/prior-year-forms-and-instructions?items_per_page=200&page=0,publication,2020
prior,Publication 15,"Circular E, Employer's Tax Guide",2019,,https://www.irs.gov/pub/irs-prior/p15--2019.pdf,https://www.irs.gov/prior-year-forms-and-instructions?items_per_page=200&page=0,publication,2019
prior,Publication 15,"Circular E, Employer's Tax Guide",2018,,https://www.irs.gov/pub/irs-prior/p15--2018.pdf,https://www.irs.gov/prior-year-forms-and-instructions?items_per_page=200&page=0,publication,2018
prior,Publication 15,"Circular E, Employer's Tax Guide",2017,,https://www.irs.gov/pub/irs-prior/p15--2017.pdf,https://www.irs.gov/prior-year-forms-and-instructions?items_per_page=200&page=0,publication,2017
prior,Publication 15,"Circular E, Employer's Tax Guide",2016,,https://www.irs.gov/pub/irs-prior/p15--2016.pdf,https://www.irs.gov/prior-year-forms-and-instructions?items_per_page=200&page=0,publication,2016
prior,Publication 15,"Circular E, Employer's Tax Guide",2015,,https://www.irs.gov/pub/irs-prior/p15--2015.pdf,https://www.irs.gov/prior-year-forms-and-instructions?items_per_page=200&page=0,publication,2015
prior,Publication 15,"Circular E, Employer's Tax Guide",2014,,https://www.irs.gov/pub/irs-prior/p15--2014.pdf,https://www.irs.gov/prior-year-forms-and-instructions?items_per_page=200&page=0,publication,2014
prior,Publication 15,"Circular E, Employer's Tax Guide",2013,,https://www.irs.gov/pub/irs-prior/p15--2013.pdf,https://www.irs.gov/prior-year-forms-and-instructions?items_per_page=200&page=0,publication,2013
prior,Publication 15,"Circular E, Employer's Tax Guide",2012,,https://www.irs.gov/pub/irs-prior/p15--2012.pdf,https://www.irs.gov/prior-year-forms-and-instructions?items_per_page=200&page=0,publication,2012
prior,Publication 15,"Circular E, Employer's Tax Guide",2011,,https://www.irs.gov/pub/irs-prior/p15--2011.pdf,https://www.irs.gov/prior-year-forms-and-instructions?items_per_page=200&page=0,publication,2011
prior,Publication 15,"Circular E, Employer's Tax Guide",2010,,https://www.irs.gov/pub/irs-prior/p15--2010.pdf,https://www.irs.gov/prior-year-forms-and-instructions?items_per_page=200&page=0,publication,2010
prior,Publication 15,"Circular E, Employer's Tax Guide",2009,,https://www.irs.gov/pub/irs-prior/p15--2009.pdf,https://www.irs.gov/prior-year-forms-and-instructions?items_per_page=200&page=0,publication,2009
prior,Publication 15,"Circular E, Employer's Tax Guide",2008,,https://www.irs.gov/pub/irs-prior/p15--2008.pdf,https://www.irs.gov/prior-year-forms-and-instructions?items_per_page=200&page=0,publication,2008
prior,Publication 15,"Circular E, Employer's Tax Guide",2007,,https://www.irs.gov/pub/irs-prior/p15--2007.pdf,https://www.irs.gov/prior-year-forms-and-instructions?items_per_page=200&page=0,publication,2007
prior,Publication 15,"Circular E, Employer's Tax Guide",2006,,https://www.irs.gov/pub/irs-prior/p15--2006.pdf,https://www.irs.gov/prior-year-forms-and-instructions?items_per_page=200&page=0,publication,2006
prior,Publication 15,"Circular E, Employer's Tax Guide",2005,,https://www.irs.gov/pub/irs-prior/p15--2005.pdf,https://www.irs.gov/prior-year-forms-and-instructions?items_per_page=200&page=0,publication,2005
prior,Publication 15,"Circular E, Employer's Tax Guide",2004,,https://www.irs.gov/pub/irs-prior/p15--2004.pdf,https://www.irs.gov/prior-year-forms-and-instructions?items_per_page=200&page=0,publication,2004
prior,Publication 15,"Circular E, Employer's Tax Guide",2003,,https://www.irs.gov/pub/irs-prior/p15--2003.pdf,https://www.irs.gov/prior-year-forms-and-instructions?items_per_page=200&page=0,publication,2003
prior,Publication 15,"Circular E, Employer's Tax Guide",2002,,https://www.irs.gov/pub/irs-prior/p15--2002.pdf,https://www.irs.gov/prior-year-forms-and-instructions?items_per_page=200&page=0,publication,2002
prior,Publication 15,"Circular E, Employer's Tax Guide",2001,,https://www.irs.gov/pub/irs-prior/p15--2001.pdf,https://www.irs.gov/prior-year-forms-and-instructions?items_per_page=200&page=0,publication,2001
prior,Publication 15,"Circular E, Employer's Tax Guide",2000,,https://www.irs.gov/pub/irs-prior/p15--2000.pdf,https://www.irs.gov/prior-year-forms-and-instructions?items_per_page=200&page=0,publication,2000
prior,Publication 15,"Circular E, Employer's Tax Guide",1999,,https://www.irs.gov/pub/irs-prior/p15--1999.pdf,https://www.irs.gov/prior-year-forms-and-instructions?items_per_page=200&page=0,publication,1999
prior,Publication 15,"Circular E, Employer's Tax Guide",1998,,https://www.irs.gov/pub/irs-prior/p15--1998.pdf,https://www.irs.gov/prior-year-forms-and-instructions?items_per_page=200&page=0,publication,1998
prior,Publication 15,"Circular E, Employer's Tax Guide",1997,,https://www.irs.gov/pub/irs-prior/p15--1997.pdf,https://www.irs.gov/prior-year-forms-and-instructions?items_per_page=200&page=0,publication,1997
prior,Publication 15,"Circular E, Employer's Tax Guide",1996,,https://www.irs.gov/pub/irs-prior/p15--1996.pdf,https://www.irs.gov/prior-year-forms-and-instructions?items_per_page=200&page=0,publication,1996
prior,Publication 15,"Circular E, Employer's Tax Guide",1995,,https://www.irs.gov/pub/irs-prior/p15--1995.pdf,https://www.irs.gov/prior-year-forms-and-instructions?items_per_page=200&page=0,publication,1995
prior,Publication 15,"Circular E, Employer's Tax Guide",1994,,https://www.irs.gov/pub/irs-prior/p15--1994.pdf,https://www.irs.gov/prior-year-forms-and-instructions?items_per_page=200&page=0,publication,1994
prior,Publication 15,"Circular E, Employer's Tax Guide",1993,,https://www.irs.gov/pub/irs-prior/p15--1993.pdf,https://www.irs.gov/prior-year-forms-and-instructions?items_per_page=200&page=0,publication,1993
prior,Publication 15,"Circular E, Employer's Tax Guide",1992,,https://www.irs.gov/pub/irs-prior/p15--1992.pdf,https://www.irs.gov/prior-year-forms-and-instructions?items_per_page=200&page=0,publication,1992
prior,Publication 15,"Circular E, Employer's Tax Guide",1991,,https://www.irs.gov/pub/irs-prior/p15--1991.pdf,https://www.irs.gov/prior-year-forms-and-instructions?items_per_page=200&page=0,publication,1991
prior,Publication 15,"Circular E, Employer's Tax Guide",1990,,https://www.irs.gov/pub/irs-prior/p15--1990.pdf,https://www.irs.gov/prior-year-forms-and-instructions?items_per_page=200&page=0,publication,1990
prior,Publication 15,"Circular E, Employer's Tax Guide",1989,,https://www.irs.gov/pub/irs-prior/p15--1989.pdf,https://www.irs.gov/prior-year-forms-and-instructions?items_per_page=200&page=0,publication,1989
prior,Publication 15,"Circular E, Employer's Tax Guide",1988,,https://www.irs.gov/pub/irs-prior/p15--1988.pdf,https://www.irs.gov/prior-year-forms-and-instructions?items_per_page=200&page=0,publication,1988
prior,Publication 15-A,Employer's Supplemental Tax Guide,2026,,https://www.irs.gov/pub/irs-prior/p15a--2026.pdf,https://www.irs.gov/prior-year-forms-and-instructions?items_per_page=200&page=0,publication,2026
prior,Publication 15-A,"Employer's Supplemental Tax Guide (Supplement to Pub. 15, Employer's Tax Guide)",2025,,https://www.irs.gov/pub/irs-prior/p15a--2025.pdf,https://www.irs.gov/prior-year-forms-and-instructions?items_per_page=200&page=0,publication,2025
prior,Publication 15-A,"Employer's Supplemental Tax Guide (Supplement to Circular E, Employer's Tax Guide, Publication 15)",2024,,https://www.irs.gov/pub/irs-prior/p15a--2024.pdf,https://www.irs.gov/prior-year-forms-and-instructions?items_per_page=200&page=0,publication,2024
prior,Publication 15-A,"Employer's Supplemental Tax Guide (Supplement to Circular E, Employer's Tax Guide, Publication 15)",2023,,https://www.irs.gov/pub/irs-prior/p15a--2023.pdf,https://www.irs.gov/prior-year-forms-and-instructions?items_per_page=200&page=0,publication,2023
prior,Publication 15-A,"Employer's Supplemental Tax Guide (Supplement to Circular E, Employer's Tax Guide, Publication 15)",2022,,https://www.irs.gov/pub/irs-prior/p15a--2022.pdf,https://www.irs.gov/prior-year-forms-and-instructions?items_per_page=200&page=0,publication,2022
prior,Publication 15-A,"Employer's Supplemental Tax Guide (Supplement to Circular E, Employer's Tax Guide, Publication 15)",2021,,https://www.irs.gov/pub/irs-prior/p15a--2021.pdf,https://www.irs.gov/prior-year-forms-and-instructions?items_per_page=200&page=0,publication,2021
prior,Publication 15-A,"Employer's Supplemental Tax Guide (Supplement to Circular E, Employer's Tax Guide, Publication 15)",2020,,https://www.irs.gov/pub/irs-prior/p15a--2020.pdf,https://www.irs.gov/prior-year-forms-and-instructions?items_per_page=200&page=0,publication,2020
prior,Publication 15-A,"Employer's Supplemental Tax Guide (Supplement to Circular E, Employer's Tax Guide, Publication 15)",2019,,https://www.irs.gov/pub/irs-prior/p15a--2019.pdf,https://www.irs.gov/prior-year-forms-and-instructions?items_per_page=200&page=0,publication,2019
prior,Publication 15-A,"Employer's Supplemental Tax Guide (Supplement to Circular E, Employer's Tax Guide, Publication 15)",2018,,https://www.irs.gov/pub/irs-prior/p15a--2018.pdf,https://www.irs.gov/prior-year-forms-and-instructions?items_per_page=200&page=0,publication,2018
prior,Publication 15-A,"Employer's Supplemental Tax Guide (Supplement to Circular E, Employer's Tax Guide, Publication 15)",2017,,https://www.irs.gov/pub/irs-prior/p15a--2017.pdf,https://www.irs.gov/prior-year-forms-and-instructions?items_per_page=200&page=0,publication,2017
prior,Publication 15-A,"Employer's Supplemental Tax Guide (Supplement to Circular E, Employer's Tax Guide, Publication 15)",2016,,https://www.irs.gov/pub/irs-prior/p15a--2016.pdf,https://www.irs.gov/prior-year-forms-and-instructions?items_per_page=200&page=0,publication,2016
prior,Publication 15-A,"Employer's Supplemental Tax Guide (Supplement to Circular E, Employer's Tax Guide, Publication 15)",2015,,https://www.irs.gov/pub/irs-prior/p15a--2015.pdf,https://www.irs.gov/prior-year-forms-and-instructions?items_per_page=200&page=0,publication,2015
prior,Publication 15-A,"Employer's Supplemental Tax Guide (Supplement to Circular E, Employer's Tax Guide, Publication 15)",2013,,https://www.irs.gov/pub/irs-prior/p15a--2013.pdf,https://www.irs.gov/prior-year-forms-and-instructions?items_per_page=200&page=0,publication,2013
prior,Publication 15-A,"Employer's Supplemental Tax Guide (Supplement to Circular E, Employer's Tax Guide, Publication 15)",2012,,https://www.irs.gov/pub/irs-prior/p15a--2012.pdf,https://www.irs.gov/prior-year-forms-and-instructions?items_per_page=200&page=0,publication,2012
prior,Publication 15-A,"Employer's Supplemental Tax Guide (Supplement to Circular E, Employer's Tax Guide, Publication 15)",2011,,https://www.irs.gov/pub/irs-prior/p15a--2011.pdf,https://www.irs.gov/prior-year-forms-and-instructions?items_per_page=200&page=0,publication,2011
prior,Publication 15-A,"Employer's Supplemental Tax Guide (Supplement to Circular E, Employer's Tax Guide, Publication 15)",2010,,https://www.irs.gov/pub/irs-prior/p15a--2010.pdf,https://www.irs.gov/prior-year-forms-and-instructions?items_per_page=200&page=0,publication,2010
prior,Publication 15-A,"Employer's Supplemental Tax Guide (Supplement to Circular E, Employer's Tax Guide, Publication 15)",2009,,https://www.irs.gov/pub/irs-prior/p15a--2009.pdf,https://www.irs.gov/prior-year-forms-and-instructions?items_per_page=200&page=0,publication,2009
prior,Publication 15-A,"Employer's Supplemental Tax Guide (Supplement to Circular E, Employer's Tax Guide, Publication 15)",2008,,https://www.irs.gov/pub/irs-prior/p15a--2008.pdf,https://www.irs.gov/prior-year-forms-and-instructions?items_per_page=200&page=0,publication,2008
prior,Publication 15-A,"Employer's Supplemental Tax Guide (Supplement to Circular E, Employer's Tax Guide, Publication 15)",2007,,https://www.irs.gov/pub/irs-prior/p15a--2007.pdf,https://www.irs.gov/prior-year-forms-and-instructions?items_per_page=200&page=0,publication,2007
prior,Publication 15-A,"Employer's Supplemental Tax Guide (Supplement to Circular E, Employer's Tax Guide, Publication 15)",2006,,https://www.irs.gov/pub/irs-prior/p15a--2006.pdf,https://www.irs.gov/prior-year-forms-and-instructions?items_per_page=200&page=0,publication,2006
prior,Publication 15-A,"Employer's Supplemental Tax Guide (Supplement to Circular E, Employer's Tax Guide, Publication 15)",2005,,https://www.irs.gov/pub/irs-prior/p15a--2005.pdf,https://www.irs.gov/prior-year-forms-and-instructions?items_per_page=200&page=0,publication,2005
prior,Publication 15-A,"Employer's Supplemental Tax Guide (Supplement to Circular E, Employer's Tax Guide, Publication 15)",2004,,https://www.irs.gov/pub/irs-prior/p15a--2004.pdf,https://www.irs.gov/prior-year-forms-and-instructions?items_per_page=200&page=0,publication,2004
prior,Publication 15-A,"Employer's Supplemental Tax Guide (Supplement to Circular E, Employer's Tax Guide, Publication 15)",2003,,https://www.irs.gov/pub/irs-prior/p15a--2003.pdf,https://www.irs.gov/prior-year-forms-and-instructions?items_per_page=200&page=0,publication,2003
prior,Publication 15-A,"Employer's Supplemental Tax Guide (Supplement to Circular E, Employer's Tax Guide, Publication 15)",2002,,https://www.irs.gov/pub/irs-prior/p15a--2002.pdf,https://www.irs.gov/prior-year-forms-and-instructions?items_per_page=200&page=0,publication,2002
prior,Publication 15-A,"Employer's Supplemental Tax Guide (Supplement to Circular E, Employer's Tax Guide, Publication 15)",2001,,https://www.irs.gov/pub/irs-prior/p15a--2001.pdf,https://www.irs.gov/prior-year-forms-and-instructions?items_per_page=200&page=0,publication,2001
prior,Publication 15-A,"Employer's Supplemental Tax Guide (Supplement to Circular E, Employer's Tax Guide, Publication 15)",2000,,https://www.irs.gov/pub/irs-prior/p15a--2000.pdf,https://www.irs.gov/prior-year-forms-and-instructions?items_per_page=200&page=0,publication,2000
prior,Publication 15-A,"Employer's Supplemental Tax Guide (Supplement to Circular E, Employer's Tax Guide, Publication 15)",1999,,https://www.irs.gov/pub/irs-prior/p15a--1999.pdf,https://www.irs.gov/prior-year-forms-and-instructions?items_per_page=200&page=0,publication,1999
prior,Publication 15-A,"Employer's Supplemental Tax Guide (Supplement to Circular E, Employer's Tax Guide, Publication 15)",1998,,https://www.irs.gov/pub/irs-prior/p15a--1998.pdf,https://www.irs.gov/prior-year-forms-and-instructions?items_per_page=200&page=0,publication,1998
prior,Publication 15-A,"Employer's Supplemental Tax Guide (Supplement to Circular E, Employer's Tax Guide, Publication 15)",1997,,https://www.irs.gov/pub/irs-prior/p15a--1997.pdf,https://www.irs.gov/prior-year-forms-and-instructions?items_per_page=200&page=0,publication,1997
prior,Publication 15-A,"Employer's Supplemental Tax Guide (Supplement to Circular E, Employer's Tax Guide, Publication 15)",1996,,https://www.irs.gov/pub/irs-prior/p15a--1996.pdf,https://www.irs.gov/prior-year-forms-and-instructions?items_per_page=200&page=0,publication,1996
prior,Publication 15-B,Employers Tax Guide to Fringe Benefits,2026,,https://www.irs.gov/pub/irs-prior/p15b--2026.pdf,https://www.irs.gov/prior-year-forms-and-instructions?items_per_page=200&page=0,publication,2026
prior,Publication 15-B,Employer's Tax Guide to Fringe Benefits,2025,,https://www.irs.gov/pub/irs-prior/p15b--2025.pdf,https://www.irs.gov/prior-year-forms-and-instructions?items_per_page=200&page=0,publication,2025
prior,Publication 15-B,Employer's Tax Guide to Fringe Benefits,2024,,https://www.irs.gov/pub/irs-prior/p15b--2024.pdf,https://www.irs.gov/prior-year-forms-and-instructions?items_per_page=200&page=0,publication,2024
prior,Publication 15-B,Employer's Tax Guide to Fringe Benefits,2023,,https://www.irs.gov/pub/irs-prior/p15b--2023.pdf,https://www.irs.gov/prior-year-forms-and-instructions?items_per_page=200&page=0,publication,2023
prior,Publication 15-B,Employer's Tax Guide to Fringe Benefits,2022,,https://www.irs.gov/pub/irs-prior/p15b--2022.pdf,https://www.irs.gov/prior-year-forms-and-instructions?items_per_page=200&page=0,publication,2022
prior,Publication 15-B,Employer's Tax Guide to Fringe Benefits,2021,,https://www.irs.gov/pub/irs-prior/p15b--2021.pdf,https://www.irs.gov/prior-year-forms-and-instructions?items_per_page=200&page=0,publication,2021
prior,Publication 15-B,Employer's Tax Guide to Fringe Benefits,2020,,https://www.irs.gov/pub/irs-prior/p15b--2020.pdf,https://www.irs.gov/prior-year-forms-and-instructions?items_per_page=200&page=0,publication,2020
prior,Publication 15-B,Employer's Tax Guide to Fringe Benefits,2019,,https://www.irs.gov/pub/irs-prior/p15b--2019.pdf,https://www.irs.gov/prior-year-forms-and-instructions?items_per_page=200&page=0,publication,2019
prior,Publication 15-B,Employer's Tax Guide to Fringe Benefits,2018,,https://www.irs.gov/pub/irs-prior/p15b--2018.pdf,https://www.irs.gov/prior-year-forms-and-instructions?items_per_page=200&page=0,publication,2018
prior,Publication 15-B,Employer's Tax Guide to Fringe Benefits,2017,,https://www.irs.gov/pub/irs-prior/p15b--2017.pdf,https://www.irs.gov/prior-year-forms-and-instructions?items_per_page=200&page=0,publication,2017
prior,Publication 15-B,Employer's Tax Guide to Fringe Benefits,2016,,https://www.irs.gov/pub/irs-prior/p15b--2016.pdf,https://www.irs.gov/prior-year-forms-and-instructions?items_per_page=200&page=0,publication,2016
prior,Publication 15-B,Employer's Tax Guide to Fringe Benefits,2015,,https://www.irs.gov/pub/irs-prior/p15b--2015.pdf,https://www.irs.gov/prior-year-forms-and-instructions?items_per_page=200&page=0,publication,2015
prior,Publication 15-B,Employer's Tax Guide to Fringe Benefits,2014,,https://www.irs.gov/pub/irs-prior/p15b--2014.pdf,https://www.irs.gov/prior-year-forms-and-instructions?items_per_page=200&page=0,publication,2014
prior,Publication 15-B,Employer's Tax Guide to Fringe Benefits,2013,,https://www.irs.gov/pub/irs-prior/p15b--2013.pdf,https://www.irs.gov/prior-year-forms-and-instructions?items_per_page=200&page=0,publication,2013
prior,Publication 15-B,Employer's Tax Guide to Fringe Benefits,2012,,https://www.irs.gov/pub/irs-prior/p15b--2012.pdf,https://www.irs.gov/prior-year-forms-and-instructions?items_per_page=200&page=0,publication,2012
prior,Publication 15-B,Employer's Tax Guide to Fringe Benefits,2011,,https://www.irs.gov/pub/irs-prior/p15b--2011.pdf,https://www.irs.gov/prior-year-forms-and-instructions?items_per_page=200&page=0,publication,2011
prior,Publication 15-B,Employer's Tax Guide to Fringe Benefits,2010,,https://www.irs.gov/pub/irs-prior/p15b--2010.pdf,https://www.irs.gov/prior-year-forms-and-instructions?items_per_page=200&page=0,publication,2010
prior,Publication 15-B,Employer's Tax Guide to Fringe Benefits,2009,,https://www.irs.gov/pub/irs-prior/p15b--2009.pdf,https://www.irs.gov/prior-year-forms-and-instructions?items_per_page=200&page=0,publication,2009
prior,Publication 15-B,Employer's Tax Guide to Fringe Benefits,2008,,https://www.irs.gov/pub/irs-prior/p15b--2008.pdf,https://www.irs.gov/prior-year-forms-and-instructions?items_per_page=200&page=0,publication,2008
prior,Publication 15-B,Employer's Tax Guide to Fringe Benefits,2007,,https://www.irs.gov/pub/irs-prior/p15b--2007.pdf,https://www.irs.gov/prior-year-forms-and-instructions?items_per_page=200&page=0,publication,2007
prior,Publication 15-B,Employer's Tax Guide to Fringe Benefits,2006,,https://www.irs.gov/pub/irs-prior/p15b--2006.pdf,https://www.irs.gov/prior-year-forms-and-instructions?items_per_page=200&page=0,publication,2006
prior,Publication 15-B,Employer's Tax Guide to Fringe Benefits,2005,,https://www.irs.gov/pub/irs-prior/p15b--2005.pdf,https://www.irs.gov/prior-year-forms-and-instructions?items_per_page=200&page=0,publication,2005
prior,Publication 15-B,Employer's Tax Guide to Fringe Benefits,2004,,https://www.irs.gov/pub/irs-prior/p15b--2004.pdf,https://www.irs.gov/prior-year-forms-and-instructions?items_per_page=200&page=0,publication,2004
prior,Publication 15-B,Employer's Tax Guide to Fringe Benefits,2003,,https://www.irs.gov/pub/irs-prior/p15b--2003.pdf,https://www.irs.gov/prior-year-forms-and-instructions?items_per_page=200&page=0,publication,2003
prior,Publication 15-B,Employer's Tax Guide to Fringe Benefits,2002,,https://www.irs.gov/pub/irs-prior/p15b--2002.pdf,https://www.irs.gov/prior-year-forms-and-instructions?items_per_page=200&page=0,publication,2002
prior,Publication 15-B,Employer's Tax Guide to Fringe Benefits,2000,,https://www.irs.gov/pub/irs-prior/p15b--2000.pdf,https://www.irs.gov/prior-year-forms-and-instructions?items_per_page=200&page=0,publication,2000
prior,Publication 15 (sp),"(Circular E), Employer's Tax Guide (Spanish Version)",2026,,https://www.irs.gov/pub/irs-prior/p15sp--2026.pdf,https://www.irs.gov/prior-year-forms-and-instructions?items_per_page=200&page=0,publication,2026
prior,Publication 15 (sp),"Circular E, Employer's Tax Guide (Spanish Version)",2025,,https://www.irs.gov/pub/irs-prior/p15sp--2025.pdf,https://www.irs.gov/prior-year-forms-and-instructions?items_per_page=200&page=0,publication,2025
prior,Publication 15 (sp),"Circular E, Employer's Tax Guide (Spanish Version)",2024,,https://www.irs.gov/pub/irs-prior/p15sp--2024.pdf,https://www.irs.gov/prior-year-forms-and-instructions?items_per_page=200&page=0,publication,2024
prior,Publication 15-T,Federal Income Tax Withholding Methods,2026,,https://www.irs.gov/pub/irs-prior/p15t--2026.pdf,https://www.irs.gov/prior-year-forms-and-instructions?items_per_page=200&page=0,publication,2026
prior,Publication 15-T,Federal Income Tax Withholding Methods,2025,,https://www.irs.gov/pub/irs-prior/p15t--2025.pdf,https://www.irs.gov/prior-year-forms-and-instructions?items_per_page=200&page=0,publication,2025
prior,Publication 15-T,Federal Income Tax Withholding Methods,2024,,https://www.irs.gov/pub/irs-prior/p15t--2024.pdf,https://www.irs.gov/prior-year-forms-and-instructions?items_per_page=200&page=0,publication,2024
prior,Publication 15-T,Federal Income Tax Withholding Methods,2023,,https://www.irs.gov/pub/irs-prior/p15t--2023.pdf,https://www.irs.gov/prior-year-forms-and-instructions?items_per_page=200&page=0,publication,2023
prior,Publication 15-T,Federal Income Tax Withholding Methods,2022,,https://www.irs.gov/pub/irs-prior/p15t--2022.pdf,https://www.irs.gov/prior-year-forms-and-instructions?items_per_page=200&page=0,publication,2022
prior,Publication 15-T,Federal Income Tax Withholding Methods,2021,,https://www.irs.gov/pub/irs-prior/p15t--2021.pdf,https://www.irs.gov/prior-year-forms-and-instructions?items_per_page=200&page=0,publication,2021
prior,Publication 15-T,Federal Income Tax Withholding Methods,2020,,https://www.irs.gov/pub/irs-prior/p15t--2020.pdf,https://www.irs.gov/prior-year-forms-and-instructions?items_per_page=200&page=0,publication,2020
prior,Publication 15-T,Federal Income Tax Withholding Methods,2009,,https://www.irs.gov/pub/irs-prior/p15t--2009.pdf,https://www.irs.gov/prior-year-forms-and-instructions?items_per_page=200&page=0,publication,2009
prior,Publication 15-T,Federal Income Tax Withholding Methods,2003,,https://www.irs.gov/pub/irs-prior/p15t--2003.pdf,https://www.irs.gov/prior-year-forms-and-instructions?items_per_page=200&page=0,publication,2003
prior,Publication 15-T,Federal Income Tax Withholding Methods,2001,,https://www.irs.gov/pub/irs-prior/p15t--2001.pdf,https://www.irs.gov/prior-year-forms-and-instructions?items_per_page=200&page=0,publication,2001
prior,Publication 16,Statistics of Income - Corporation Income Tax Returns Complete Report,2025,,https://www.irs.gov/pub/irs-prior/p16--2025.pdf,https://www.irs.gov/prior-year-forms-and-instructions?items_per_page=200&page=0,publication,2025
prior,Publication 16,Statistics of Income Corporation Income Tax Returns,2023,,https://www.irs.gov/pub/irs-prior/p16--2023.pdf,https://www.irs.gov/prior-year-forms-and-instructions?items_per_page=200&page=0,publication,2023
prior,Publication 16,Statistics of Income Corporation Income Tax Returns,2022,,https://www.irs.gov/pub/irs-prior/p16--2022.pdf,https://www.irs.gov/prior-year-forms-and-instructions?items_per_page=200&page=0,publication,2022
prior,Publication 16,Statistics of Income Corporation Income Tax Returns,2021,,https://www.irs.gov/pub/irs-prior/p16--2021.pdf,https://www.irs.gov/prior-year-forms-and-instructions?items_per_page=200&page=0,publication,2021
prior,Publication 16,Statistics of Income Corporation Income Tax Returns,2020,,https://www.irs.gov/pub/irs-prior/p16--2020.pdf,https://www.irs.gov/prior-year-forms-and-instructions?items_per_page=200&page=1,publication,2020
prior,Publication 16,Statistics of Income Corporation Income Tax Returns,2019,,https://www.irs.gov/pub/irs-prior/p16--2019.pdf,https://www.irs.gov/prior-year-forms-and-instructions?items_per_page=200&page=1,publication,2019
prior,Publication 16,Statistics of Income Corporation Income Tax Returns,2016,,https://www.irs.gov/pub/irs-prior/p16--2016.pdf,https://www.irs.gov/prior-year-forms-and-instructions?items_per_page=200&page=1,publication,2016
prior,Publication 16,Statistics of Income Corporation Income Tax Returns,2014,,https://www.irs.gov/pub/irs-prior/p16--2014.pdf,https://www.irs.gov/prior-year-forms-and-instructions?items_per_page=200&page=1,publication,2014
prior,Publication 16,Statistics of Income Corporation Income Tax Returns,2013,,https://www.irs.gov/pub/irs-prior/p16--2013.pdf,https://www.irs.gov/prior-year-forms-and-instructions?items_per_page=200&page=1,publication,2013
prior,Publication 16,Statistics of Income Corporation Income Tax Returns,2012,,https://www.irs.gov/pub/irs-prior/p16--2012.pdf,https://www.irs.gov/prior-year-forms-and-instructions?items_per_page=200&page=1,publication,2012
prior,Publication 16,Statistics of Income Corporation Income Tax Returns,2011,,https://www.irs.gov/pub/irs-prior/p16--2011.pdf,https://www.irs.gov/prior-year-forms-and-instructions?items_per_page=200&page=1,publication,2011
prior,Publication 16,Statistics of Income Corporation Income Tax Returns,2010,,https://www.irs.gov/pub/irs-prior/p16--2010.pdf,https://www.irs.gov/prior-year-forms-and-instructions?items_per_page=200&page=1,publication,2010
prior,Publication 17,Your Federal Income Tax (For Individuals),2025,,https://www.irs.gov/pub/irs-prior/p17--2025.pdf,https://www.irs.gov/prior-year-forms-and-instructions?items_per_page=200&page=1,publication,2025
prior,Publication 17,Your Federal Income Tax (For Individuals),2024,,https://www.irs.gov/pub/irs-prior/p17--2024.pdf,https://www.irs.gov/prior-year-forms-and-instructions?items_per_page=200&page=1,publication,2024
prior,Publication 17,Your Federal Income Tax (For Individuals),2023,,https://www.irs.gov/pub/irs-prior/p17--2023.pdf,https://www.irs.gov/prior-year-forms-and-instructions?items_per_page=200&page=1,publication,2023
prior,Publication 17,Your Federal Income Tax (For Individuals),2022,,https://www.irs.gov/pub/irs-prior/p17--2022.pdf,https://www.irs.gov/prior-year-forms-and-instructions?items_per_page=200&page=1,publication,2022
prior,Publication 17,Your Federal Income Tax (For Individuals),2021,,https://www.irs.gov/pub/irs-prior/p17--2021.pdf,https://www.irs.gov/prior-year-forms-and-instructions?items_per_page=200&page=1,publication,2021
prior,Publication 17,Your Federal Income Tax (For Individuals),2020,,https://www.irs.gov/pub/irs-prior/p17--2020.pdf,https://www.irs.gov/prior-year-forms-and-instructions?items_per_page=200&page=1,publication,2020
prior,Publication 17,Your Federal Income Tax (For Individuals),2019,,https://www.irs.gov/pub/irs-prior/p17--2019.pdf,https://www.irs.gov/prior-year-forms-and-instructions?items_per_page=200&page=1,publication,2019
prior,Publication 17,Your Federal Income Tax (For Individuals),2018,,https://www.irs.gov/pub/irs-prior/p17--2018.pdf,https://www.irs.gov/prior-year-forms-and-instructions?items_per_page=200&page=1,publication,2018
prior,Publication 17,Your Federal Income Tax (For Individuals),2017,,https://www.irs.gov/pub/irs-prior/p17--2017.pdf,https://www.irs.gov/prior-year-forms-and-instructions?items_per_page=200&page=1,publication,2017
prior,Publication 17,Your Federal Income Tax (For Individuals),2016,,https://www.irs.gov/pub/irs-prior/p17--2016.pdf,https://www.irs.gov/prior-year-forms-and-instructions?items_per_page=200&page=1,publication,2016
prior,Publication 17,Your Federal Income Tax (For Individuals),2015,,https://www.irs.gov/pub/irs-prior/p17--2015.pdf,https://www.irs.gov/prior-year-forms-and-instructions?items_per_page=200&page=1,publication,2015
prior,Publication 17,Your Federal Income Tax (For Individuals),2014,,https://www.irs.gov/pub/irs-prior/p17--2014.pdf,https://www.irs.gov/prior-year-forms-and-instructions?items_per_page=200&page=1,publication,2014
prior,Publication 17,Your Federal Income Tax (For Individuals),2013,,https://www.irs.gov/pub/irs-prior/p17--2013.pdf,https://www.irs.gov/prior-year-forms-and-instructions?items_per_page=200&page=1,publication,2013
prior,Publication 17,Your Federal Income Tax (For Individuals),2012,,https://www.irs.gov/pub/irs-prior/p17--2012.pdf,https://www.irs.gov/prior-year-forms-and-instructions?items_per_page=200&page=1,publication,2012
prior,Publication 17,Your Federal Income Tax (For Individuals),2011,,https://www.irs.gov/pub/irs-prior/p17--2011.pdf,https://www.irs.gov/prior-year-forms-and-instructions?items_per_page=200&page=1,publication,2011
prior,Publication 17,Your Federal Income Tax (For Individuals),2010,,https://www.irs.gov/pub/irs-prior/p17--2010.pdf,https://www.irs.gov/prior-year-forms-and-instructions?items_per_page=200&page=1,publication,2010
prior,Publication 17,Your Federal Income Tax (For Individuals),2009,,https://www.irs.gov/pub/irs-prior/p17--2009.pdf,https://www.irs.gov/prior-year-forms-and-instructions?items_per_page=200&page=1,publication,2009
prior,Publication 17,Your Federal Income Tax,2008,,https://www.irs.gov/pub/irs-prior/p17--2008.pdf,https://www.irs.gov/prior-year-forms-and-instructions?items_per_page=200&page=1,publication,2008
prior,Publication 17,Your Federal Income Tax,2007,,https://www.irs.gov/pub/irs-prior/p17--2007.pdf,https://www.irs.gov/prior-year-forms-and-instructions?items_per_page=200&page=1,publication,2007
prior,Publication 17,Your Federal Income Tax,2006,,https://www.irs.gov/pub/irs-prior/p17--2006.pdf,https://www.irs.gov/prior-year-forms-and-instructions?items_per_page=200&page=1,publication,2006
prior,Publication 17,Your Federal Income Tax,2005,,https://www.irs.gov/pub/irs-prior/p17--2005.pdf,https://www.irs.gov/prior-year-forms-and-instructions?items_per_page=200&page=1,publication,2005
prior,Publication 17,Your Federal Income Tax,2004,,https://www.irs.gov/pub/irs-prior/p17--2004.pdf,https://www.irs.gov/prior-year-forms-and-instructions?items_per_page=200&page=1,publication,2004
prior,Publication 17,Your Federal Income Tax,2003,,https://www.irs.gov/pub/irs-prior/p17--2003.pdf,https://www.irs.gov/prior-year-forms-and-instructions?items_per_page=200&page=1,publication,2003
prior,Publication 17,Your Federal Income Tax,2002,,https://www.irs.gov/pub/irs-prior/p17--2002.pdf,https://www.irs.gov/prior-year-forms-and-instructions?items_per_page=200&page=1,publication,2002
prior,Publication 17,Your Federal Income Tax,2001,,https://www.irs.gov/pub/irs-prior/p17--2001.pdf,https://www.irs.gov/prior-year-forms-and-instructions?items_per_page=200&page=1,publication,2001
prior,Publication 17,Your Federal Income Tax,2000,,https://www.irs.gov/pub/irs-prior/p17--2000.pdf,https://www.irs.gov/prior-year-forms-and-instructions?items_per_page=200&page=1,publication,2000
prior,Publication 17,Your Federal Income Tax,1999,,https://www.irs.gov/pub/irs-prior/p17--1999.pdf,https://www.irs.gov/prior-year-forms-and-instructions?items_per_page=200&page=1,publication,1999
prior,Publication 17,Your Federal Income Tax,1998,,https://www.irs.gov/pub/irs-prior/p17--1998.pdf,https://www.irs.gov/prior-year-forms-and-instructions?items_per_page=200&page=1,publication,1998
prior,Publication 17,Your Federal Income Tax,1997,,https://www.irs.gov/pub/irs-prior/p17--1997.pdf,https://www.irs.gov/prior-year-forms-and-instructions?items_per_page=200&page=1,publication,1997
prior,Publication 17,Your Federal Income Tax,1996,,https://www.irs.gov/pub/irs-prior/p17--1996.pdf,https://www.irs.gov/prior-year-forms-and-instructions?items_per_page=200&page=1,publication,1996
prior,Publication 17,Your Federal Income Tax,1995,,https://www.irs.gov/pub/irs-prior/p17--1995.pdf,https://www.irs.gov/prior-year-forms-and-instructions?items_per_page=200&page=1,publication,1995
prior,Publication 17,Your Federal Income Tax,1994,,https://www.irs.gov/pub/irs-prior/p17--1994.pdf,https://www.irs.gov/prior-year-forms-and-instructions?items_per_page=200&page=1,publication,1994
prior,Publication 17 (ko),Your Federal Income Tax (For Individuals) (Korean Version),2025,,https://www.irs.gov/pub/irs-prior/p17ko--2025.pdf,https://www.irs.gov/prior-year-forms-and-instructions?items_per_page=200&page=1,publication,2025
prior,Publication 17 (ko),Your Federal Income Tax (Korean version),2024,,https://www.irs.gov/pub/irs-prior/p17ko--2024.pdf,https://www.irs.gov/prior-year-forms-and-instructions?items_per_page=200&page=1,publication,2024
prior,Publication 17 (ko),Your Federal Income Tax (Korean version),2023,,https://www.irs.gov/pub/irs-prior/p17ko--2023.pdf,https://www.irs.gov/prior-year-forms-and-instructions?items_per_page=200&page=1,publication,2023
prior,Publication 17 (ko),Your Federal Income Tax (Korean version),2022,,https://www.irs.gov/pub/irs-prior/p17ko--2022.pdf,https://www.irs.gov/prior-year-forms-and-instructions?items_per_page=200&page=1,publication,2022
prior,Publication 17 (KO),Your Federal Income Tax (Korean version),2021,,https://www.irs.gov/pub/irs-prior/p17ko--2021.pdf,https://www.irs.gov/prior-year-forms-and-instructions?items_per_page=200&page=1,publication,2021
prior,Publication 17 (KO),Your Federal Income Tax (Korean version),2020,,https://www.irs.gov/pub/irs-prior/p17ko--2020.pdf,https://www.irs.gov/prior-year-forms-and-instructions?items_per_page=200&page=1,publication,2020
prior,Publication 17 (ru),Your Federal Income Tax (For Individuals) (Russian Version),2025,,https://www.irs.gov/pub/irs-prior/p17ru--2025.pdf,https://www.irs.gov/prior-year-forms-and-instructions?items_per_page=200&page=1,publication,2025
prior,Publication 17 (ru),Your Federal Income Tax (Russian version),2024,,https://www.irs.gov/pub/irs-prior/p17ru--2024.pdf,https://www.irs.gov/prior-year-forms-and-instructions?items_per_page=200&page=1,publication,2024
prior,Publication 17 (ru),Your Federal Income Tax (Russian version),2023,,https://www.irs.gov/pub/irs-prior/p17ru--2023.pdf,https://www.irs.gov/prior-year-forms-and-instructions?items_per_page=200&page=1,publication,2023
prior,Publication 17 (ru),Your Federal Income Tax (Russian version),2022,,https://www.irs.gov/pub/irs-prior/p17ru--2022.pdf,https://www.irs.gov/prior-year-forms-and-instructions?items_per_page=200&page=1,publication,2022
prior,Publication 17 (ru),Your Federal Income Tax (Russian version),2021,,https://www.irs.gov/pub/irs-prior/p17ru--2021.pdf,https://www.irs.gov/prior-year-forms-and-instructions?items_per_page=200&page=1,publication,2021
prior,Publication 17 (RU),Your Federal Income Tax (Russian version),2020,,https://www.irs.gov/pub/irs-prior/p17ru--2020.pdf,https://www.irs.gov/prior-year-forms-and-instructions?items_per_page=200&page=1,publication,2020
prior,Publication 17 (sp),Your Federal Income Tax (For Individuals) (Spanish Version),2025,,https://www.irs.gov/pub/irs-prior/p17sp--2025.pdf,https://www.irs.gov/prior-year-forms-and-instructions?items_per_page=200&page=1,publication,2025
prior,Publication 17 (sp),Your Federal Income Tax (Spanish version),2024,,https://www.irs.gov/pub/irs-prior/p17sp--2024.pdf,https://www.irs.gov/prior-year-forms-and-instructions?items_per_page=200&page=1,publication,2024
prior,Publication 17 (sp),Your Federal Income Tax (Spanish version),2023,,https://www.irs.gov/pub/irs-prior/p17sp--2023.pdf,https://www.irs.gov/prior-year-forms-and-instructions?items_per_page=200&page=1,publication,2023
prior,Publication 17 (sp),Your Federal Income Tax (Spanish version),2022,,https://www.irs.gov/pub/irs-prior/p17sp--2022.pdf,https://www.irs.gov/prior-year-forms-and-instructions?items_per_page=200&page=1,publication,2022
prior,Publication 17 (SP),Your Federal Income Tax (Spanish version),2021,,https://www.irs.gov/pub/irs-prior/p17sp--2021.pdf,https://www.irs.gov/prior-year-forms-and-instructions?items_per_page=200&page=1,publication,2021
prior,Publication 17 (SP),Your Federal Income Tax (Spanish version),2020,,https://www.irs.gov/pub/irs-prior/p17sp--2020.pdf,https://www.irs.gov/prior-year-forms-and-instructions?items_per_page=200&page=1,publication,2020
prior,Publication 17 (SP),Your Federal Income Tax (Spanish version),2019,,https://www.irs.gov/pub/irs-prior/p17sp--2019.pdf,https://www.irs.gov/prior-year-forms-and-instructions?items_per_page=200&page=1,publication,2019
prior,Publication 17 (SP),Your Federal Income Tax (Spanish version),2018,,https://www.irs.gov/pub/irs-prior/p17sp--2018.pdf,https://www.irs.gov/prior-year-forms-and-instructions?items_per_page=200&page=1,publication,2018
prior,Publication 17 (SP),Your Federal Income Tax (Spanish version),2017,,https://www.irs.gov/pub/irs-prior/p17sp--2017.pdf,https://www.irs.gov/prior-year-forms-and-instructions?items_per_page=200&page=1,publication,2017
prior,Publication 17 (SP),Your Federal Income Tax (Spanish version),2016,,https://www.irs.gov/pub/irs-prior/p17sp--2016.pdf,https://www.irs.gov/prior-year-forms-and-instructions?items_per_page=200&page=1,publication,2016
prior,Publication 17 (SP),Your Federal Income Tax (Spanish version),2015,,https://www.irs.gov/pub/irs-prior/p17sp--2015.pdf,https://www.irs.gov/prior-year-forms-and-instructions?items_per_page=200&page=1,publication,2015
prior,Publication 17 (SP),Your Federal Income Tax (Spanish version),2014,,https://www.irs.gov/pub/irs-prior/p17sp--2014.pdf,https://www.irs.gov/prior-year-forms-and-instructions?items_per_page=200&page=1,publication,2014
prior,Publication 17 (SP),Your Federal Income Tax (Spanish version),2013,,https://www.irs.gov/pub/irs-prior/p17sp--2013.pdf,https://www.irs.gov/prior-year-forms-and-instructions?items_per_page=200&page=1,publication,2013
prior,Publication 17 (SP),Your Federal Income Tax (Spanish version),2012,,https://www.irs.gov/pub/irs-prior/p17sp--2012.pdf,https://www.irs.gov/prior-year-forms-and-instructions?items_per_page=200&page=1,publication,2012
prior,Publication 17 (SP),Your Federal Income Tax (Spanish version),2011,,https://www.irs.gov/pub/irs-prior/p17sp--2011.pdf,https://www.irs.gov/prior-year-forms-and-instructions?items_per_page=200&page=1,publication,2011
prior,Publication 17 (SP),Your Federal Income Tax (Spanish version),2010,,https://www.irs.gov/pub/irs-prior/p17sp--2010.pdf,https://www.irs.gov/prior-year-forms-and-instructions?items_per_page=200&page=1,publication,2010
prior,Publication 17 (SP),Your Federal Income Tax (Spanish version),2009,,https://www.irs.gov/pub/irs-prior/p17sp--2009.pdf,https://www.irs.gov/prior-year-forms-and-instructions?items_per_page=200&page=1,publication,2009
prior,Publication 17 (SP),Your Federal Income Tax (Spanish version),2008,,https://www.irs.gov/pub/irs-prior/p17sp--2008.pdf,https://www.irs.gov/prior-year-forms-and-instructions?items_per_page=200&page=1,publication,2008
prior,Publication 17 (vie),Your Federal Income Tax (For Individuals) (Vietnamese Version),2025,,https://www.irs.gov/pub/irs-prior/p17vie--2025.pdf,https://www.irs.gov/prior-year-forms-and-instructions?items_per_page=200&page=1,publication,2025
prior,Publication 17 (vie),Your Federal Income Tax (Vietnamese Version),2024,,https://www.irs.gov/pub/irs-prior/p17vie--2024.pdf,https://www.irs.gov/prior-year-forms-and-instructions?items_per_page=200&page=1,publication,2024
prior,Publication 17 (vie),Your Federal Income Tax (Vietnamese Version),2023,,https://www.irs.gov/pub/irs-prior/p17vie--2023.pdf,https://www.irs.gov/prior-year-forms-and-instructions?items_per_page=200&page=1,publication,2023
prior,Publication 17 (vie),Your Federal Income Tax (Vietnamese Version),2022,,https://www.irs.gov/pub/irs-prior/p17vie--2022.pdf,https://www.irs.gov/prior-year-forms-and-instructions?items_per_page=200&page=1,publication,2022
prior,Publication 17 (vie),Your Federal Income Tax (Vietnamese Version),2021,,https://www.irs.gov/pub/irs-prior/p17vie--2021.pdf,https://www.irs.gov/prior-year-forms-and-instructions?items_per_page=200&page=1,publication,2021
prior,Publication 17 (VIE),Your Federal Income Tax (Vietnamese Version),2020,,https://www.irs.gov/pub/irs-prior/p17vie--2020.pdf,https://www.irs.gov/prior-year-forms-and-instructions?items_per_page=200&page=1,publication,2020
prior,Publication 17 (zh-s),Your Federal Income Tax (For Individuals) (Chinese-Simplified Version) (Chinese-Simplified Version),2025,,https://www.irs.gov/pub/irs-prior/p17zhs--2025.pdf,https://www.irs.gov/prior-year-forms-and-instructions?items_per_page=200&page=1,publication,2025
prior,Publication 17 (zh-s),Your Federal Income Tax (Chinese-Simplified Version),2024,,https://www.irs.gov/pub/irs-prior/p17zhs--2024.pdf,https://www.irs.gov/prior-year-forms-and-instructions?items_per_page=200&page=1,publication,2024
prior,Publication 17 (zh-s),Your Federal Income Tax (Chinese-Simplified Version),2023,,https://www.irs.gov/pub/irs-prior/p17zhs--2023.pdf,https://www.irs.gov/prior-year-forms-and-instructions?items_per_page=200&page=1,publication,2023
prior,Publication 17 (zh-s),Your Federal Income Tax (Chinese-Simplified Version),2022,,https://www.irs.gov/pub/irs-prior/p17zhs--2022.pdf,https://www.irs.gov/prior-year-forms-and-instructions?items_per_page=200&page=1,publication,2022
prior,Publication 17 (zh-s),Your Federal Income Tax (Chinese-Simplified Version),2021,,https://www.irs.gov/pub/irs-prior/p17zhs--2021.pdf,https://www.irs.gov/prior-year-forms-and-instructions?items_per_page=200&page=1,publication,2021
prior,Publication 17 (ZH-S),Your Federal Income Tax (Chinese-Simplified Version),2020,,https://www.irs.gov/pub/irs-prior/p17zhs--2020.pdf,https://www.irs.gov/prior-year-forms-and-instructions?items_per_page=200&page=1,publication,2020
prior,Publication 17 (zh-t),Your Federal Income Tax (Chinese-Traditional Version),2025,,https://www.irs.gov/pub/irs-prior/p17zht--2025.pdf,https://www.irs.gov/prior-year-forms-and-instructions?items_per_page=200&page=1,publication,2025
prior,Publication 17 (zh-t),Your Federal Income Tax (Chinese-Traditional Version),2024,,https://www.irs.gov/pub/irs-prior/p17zht--2024.pdf,https://www.irs.gov/prior-year-forms-and-instructions?items_per_page=200&page=1,publication,2024
prior,Publication 17 (zh-t),Your Federal Income Tax (Chinese-Traditional Version),2023,,https://www.irs.gov/pub/irs-prior/p17zht--2023.pdf,https://www.irs.gov/prior-year-forms-and-instructions?items_per_page=200&page=1,publication,2023
prior,Publication 17 (zh-t),Your Federal Income Tax (Chinese-Traditional Version),2022,,https://www.irs.gov/pub/irs-prior/p17zht--2022.pdf,https://www.irs.gov/prior-year-forms-and-instructions?items_per_page=200&page=1,publication,2022
prior,Publication 17 (zh-t),Your Federal Income Tax (Chinese-Traditional Version),2021,,https://www.irs.gov/pub/irs-prior/p17zht--2021.pdf,https://www.irs.gov/prior-year-forms-and-instructions?items_per_page=200&page=1,publication,2021
prior,Publication 17 (ZH-T),Your Federal Income Tax (Chinese-Traditional Version),2020,,https://www.irs.gov/pub/irs-prior/p17zht--2020.pdf,https://www.irs.gov/prior-year-forms-and-instructions?items_per_page=200&page=1,publication,2020
prior,Publication 51,"Circular A, Agricultural Employer's Tax Guide",2023,,https://www.irs.gov/pub/irs-prior/p51--2023.pdf,https://www.irs.gov/prior-year-forms-and-instructions?items_per_page=200&page=1,publication,2023
prior,Publication 51,"Circular A, Agricultural Employer's Tax Guide",2022,,https://www.irs.gov/pub/irs-prior/p51--2022.pdf,https://www.irs.gov/prior-year-forms-and-instructions?items_per_page=200&page=1,publication,2022
prior,Publication 51,"Circular A, Agricultural Employer's Tax Guide",2021,,https://www.irs.gov/pub/irs-prior/p51--2021.pdf,https://www.irs.gov/prior-year-forms-and-instructions?items_per_page=200&page=1,publication,2021
prior,Publication 51,"Circular A, Agricultural Employer's Tax Guide",2020,,https://www.irs.gov/pub/irs-prior/p51--2020.pdf,https://www.irs.gov/prior-year-forms-and-instructions?items_per_page=200&page=1,publication,2020
prior,Publication 51,"Circular A, Agricultural Employer's Tax Guide",2019,,https://www.irs.gov/pub/irs-prior/p51--2019.pdf,https://www.irs.gov/prior-year-forms-and-instructions?items_per_page=200&page=1,publication,2019
prior,Publication 51,"Circular A, Agricultural Employer's Tax Guide",2018,,https://www.irs.gov/pub/irs-prior/p51--2018.pdf,https://www.irs.gov/prior-year-forms-and-instructions?items_per_page=200&page=1,publication,2018
prior,Publication 51,"Circular A, Agricultural Employer's Tax Guide",2017,,https://www.irs.gov/pub/irs-prior/p51--2017.pdf,https://www.irs.gov/prior-year-forms-and-instructions?items_per_page=200&page=1,publication,2017
prior,Publication 51,"Circular A, Agricultural Employer's Tax Guide",2016,,https://www.irs.gov/pub/irs-prior/p51--2016.pdf,https://www.irs.gov/prior-year-forms-and-instructions?items_per_page=200&page=1,publication,2016
prior,Publication 51,"Circular A, Agricultural Employer's Tax Guide",2015,,https://www.irs.gov/pub/irs-prior/p51--2015.pdf,https://www.irs.gov/prior-year-forms-and-instructions?items_per_page=200&page=1,publication,2015
prior,Publication 51,"Circular A, Agricultural Employer's Tax Guide",2014,,https://www.irs.gov/pub/irs-prior/p51--2014.pdf,https://www.irs.gov/prior-year-forms-and-instructions?items_per_page=200&page=1,publication,2014
prior,Publication 51,"Circular A, Agricultural Employer's Tax Guide",2013,,https://www.irs.gov/pub/irs-prior/p51--2013.pdf,https://www.irs.gov/prior-year-forms-and-instructions?items_per_page=200&page=1,publication,2013
prior,Publication 51,"Circular A, Agricultural Employer's Tax Guide",2012,,https://www.irs.gov/pub/irs-prior/p51--2012.pdf,https://www.irs.gov/prior-year-forms-and-instructions?items_per_page=200&page=1,publication,2012
prior,Publication 51,"Circular A, Agricultural Employer's Tax Guide",2011,,https://www.irs.gov/pub/irs-prior/p51--2011.pdf,https://www.irs.gov/prior-year-forms-and-instructions?items_per_page=200&page=1,publication,2011
prior,Publication 51,"Circular A, Agricultural Employer's Tax Guide",2010,,https://www.irs.gov/pub/irs-prior/p51--2010.pdf,https://www.irs.gov/prior-year-forms-and-instructions?items_per_page=200&page=1,publication,2010
prior,Publication 51,"Circular A, Agricultural Employer's Tax Guide",2009,,https://www.irs.gov/pub/irs-prior/p51--2009.pdf,https://www.irs.gov/prior-year-forms-and-instructions?items_per_page=200&page=1,publication,2009
prior,Publication 51,"Circular A, Agricultural Employer's Tax Guide",2008,,https://www.irs.gov/pub/irs-prior/p51--2008.pdf,https://www.irs.gov/prior-year-forms-and-instructions?items_per_page=200&page=1,publication,2008
prior,Publication 51,"Circular A, Agricultural Employer's Tax Guide",2007,,https://www.irs.gov/pub/irs-prior/p51--2007.pdf,https://www.irs.gov/prior-year-forms-and-instructions?items_per_page=200&page=1,publication,2007
prior,Publication 51,"Circular A, Agricultural Employer's Tax Guide",2006,,https://www.irs.gov/pub/irs-prior/p51--2006.pdf,https://www.irs.gov/prior-year-forms-and-instructions?items_per_page=200&page=1,publication,2006
prior,Publication 51,"Circular A, Agricultural Employer's Tax Guide",2005,,https://www.irs.gov/pub/irs-prior/p51--2005.pdf,https://www.irs.gov/prior-year-forms-and-instructions?items_per_page=200&page=1,publication,2005
prior,Publication 51,"Circular A, Agricultural Employer's Tax Guide",2004,,https://www.irs.gov/pub/irs-prior/p51--2004.pdf,https://www.irs.gov/prior-year-forms-and-instructions?items_per_page=200&page=1,publication,2004
prior,Publication 51,"Circular A, Agricultural Employer's Tax Guide",2003,,https://www.irs.gov/pub/irs-prior/p51--2003.pdf,https://www.irs.gov/prior-year-forms-and-instructions?items_per_page=200&page=1,publication,2003
prior,Publication 51,"Circular A, Agricultural Employer's Tax Guide",2002,,https://www.irs.gov/pub/irs-prior/p51--2002.pdf,https://www.irs.gov/prior-year-forms-and-instructions?items_per_page=200&page=1,publication,2002
prior,Publication 51,"Circular A, Agricultural Employer's Tax Guide",2001,,https://www.irs.gov/pub/irs-prior/p51--2001.pdf,https://www.irs.gov/prior-year-forms-and-instructions?items_per_page=200&page=1,publication,2001
prior,Publication 51,"Circular A, Agricultural Employer's Tax Guide",2000,,https://www.irs.gov/pub/irs-prior/p51--2000.pdf,https://www.irs.gov/prior-year-forms-and-instructions?items_per_page=200&page=1,publication,2000
prior,Publication 51,"Circular A, Agricultural Employer's Tax Guide",1999,,https://www.irs.gov/pub/irs-prior/p51--1999.pdf,https://www.irs.gov/prior-year-forms-and-instructions?items_per_page=200&page=1,publication,1999
prior,Publication 51,"Circular A, Agricultural Employer's Tax Guide",1998,,https://www.irs.gov/pub/irs-prior/p51--1998.pdf,https://www.irs.gov/prior-year-forms-and-instructions?items_per_page=200&page=1,publication,1998
prior,Publication 51,"Circular A, Agricultural Employer's Tax Guide",1997,,https://www.irs.gov/pub/irs-prior/p51--1997.pdf,https://www.irs.gov/prior-year-forms-and-instructions?items_per_page=200&page=1,publication,1997
prior,Publication 51,"Circular A, Agricultural Employer's Tax Guide",1996,,https://www.irs.gov/pub/irs-prior/p51--1996.pdf,https://www.irs.gov/prior-year-forms-and-instructions?items_per_page=200&page=1,publication,1996
prior,Publication 51,"Circular A, Agricultural Employer's Tax Guide",1995,,https://www.irs.gov/pub/irs-prior/p51--1995.pdf,https://www.irs.gov/prior-year-forms-and-instructions?items_per_page=200&page=1,publication,1995
prior,Publication 54,Tax Guide for U.S. Citizens and Resident Aliens Abroad,Dec 2025,,https://www.irs.gov/pub/irs-prior/p54--2025.pdf,https://www.irs.gov/prior-year-forms-and-instructions?items_per_page=200&page=1,publication,2025
prior,Publication 54,Tax Guide for U.S. Citizens and Resident Aliens Abroad,2024,,https://www.irs.gov/pub/irs-prior/p54--2024.pdf,https://www.irs.gov/prior-year-forms-and-instructions?items_per_page=200&page=1,publication,2024
prior,Publication 54,Tax Guide for U.S. Citizens and Resident Aliens Abroad,2023,,https://www.irs.gov/pub/irs-prior/p54--2023.pdf,https://www.irs.gov/prior-year-forms-and-instructions?items_per_page=200&page=1,publication,2023
prior,Publication 54,Tax Guide for U.S. Citizens and Resident Aliens Abroad,2022,,https://www.irs.gov/pub/irs-prior/p54--2022.pdf,https://www.irs.gov/prior-year-forms-and-instructions?items_per_page=200&page=1,publication,2022
prior,Publication 54,Tax Guide for U.S. Citizens and Resident Aliens Abroad,2021,,https://www.irs.gov/pub/irs-prior/p54--2021.pdf,https://www.irs.gov/prior-year-forms-and-instructions?items_per_page=200&page=1,publication,2021
prior,Publication 54,Tax Guide for U.S. Citizens and Resident Aliens Abroad,2020,,https://www.irs.gov/pub/irs-prior/p54--2020.pdf,https://www.irs.gov/prior-year-forms-and-instructions?items_per_page=200&page=1,publication,2020
prior,Publication 54,Tax Guide for U.S. Citizens and Resident Aliens Abroad,2019,,https://www.irs.gov/pub/irs-prior/p54--2019.pdf,https://www.irs.gov/prior-year-forms-and-instructions?items_per_page=200&page=1,publication,2019
prior,Publication 54,Tax Guide for U.S. Citizens and Resident Aliens Abroad,2018,,https://www.irs.gov/pub/irs-prior/p54--2018.pdf,https://www.irs.gov/prior-year-forms-and-instructions?items_per_page=200&page=1,publication,2018
prior,Publication 54,Tax Guide for U.S. Citizens and Resident Aliens Abroad,2017,,https://www.irs.gov/pub/irs-prior/p54--2017.pdf,https://www.irs.gov/prior-year-forms-and-instructions?items_per_page=200&page=1,publication,2017
prior,Publication 54,Tax Guide for U.S. Citizens and Resident Aliens Abroad,2016,,https://www.irs.gov/pub/irs-prior/p54--2016.pdf,https://www.irs.gov/prior-year-forms-and-instructions?items_per_page=200&page=1,publication,2016
prior,Publication 54,Tax Guide for U.S. Citizens and Resident Aliens Abroad,2015,,https://www.irs.gov/pub/irs-prior/p54--2015.pdf,https://www.irs.gov/prior-year-forms-and-instructions?items_per_page=200&page=1,publication,2015
prior,Publication 54,Tax Guide for U.S. Citizens and Resident Aliens Abroad,2014,,https://www.irs.gov/pub/irs-prior/p54--2014.pdf,https://www.irs.gov/prior-year-forms-and-instructions?items_per_page=200&page=1,publication,2014
prior,Publication 54,Tax Guide for U.S. Citizens and Resident Aliens Abroad,2013,,https://www.irs.gov/pub/irs-prior/p54--2013.pdf,https://www.irs.gov/prior-year-forms-and-instructions?items_per_page=200&page=1,publication,2013
prior,Publication 54,Tax Guide for U.S. Citizens and Resident Aliens Abroad,2012,,https://www.irs.gov/pub/irs-prior/p54--2012.pdf,https://www.irs.gov/prior-year-forms-and-instructions?items_per_page=200&page=1,publication,2012
prior,Publication 54,Tax Guide for U.S. Citizens and Resident Aliens Abroad,2011,,https://www.irs.gov/pub/irs-prior/p54--2011.pdf,https://www.irs.gov/prior-year-forms-and-instructions?items_per_page=200&page=1,publication,2011
prior,Publication 54,Tax Guide for U.S. Citizens and Resident Aliens Abroad,2010,,https://www.irs.gov/pub/irs-prior/p54--2010.pdf,https://www.irs.gov/prior-year-forms-and-instructions?items_per_page=200&page=1,publication,2010
prior,Publication 54,Tax Guide for U.S. Citizens and Resident Aliens Abroad,2009,,https://www.irs.gov/pub/irs-prior/p54--2009.pdf,https://www.irs.gov/prior-year-forms-and-instructions?items_per_page=200&page=1,publication,2009
prior,Publication 54,Tax Guide for U.S. Citizens and Resident Aliens Abroad,2008,,https://www.irs.gov/pub/irs-prior/p54--2008.pdf,https://www.irs.gov/prior-year-forms-and-instructions?items_per_page=200&page=1,publication,2008
prior,Publication 54,Tax Guide for U.S. Citizens and Resident Aliens Abroad,2007,,https://www.irs.gov/pub/irs-prior/p54--2007.pdf,https://www.irs.gov/prior-year-forms-and-instructions?items_per_page=200&page=1,publication,2007
prior,Publication 54,Tax Guide for U.S. Citizens and Resident Aliens Abroad,2006,,https://www.irs.gov/pub/irs-prior/p54--2006.pdf,https://www.irs.gov/prior-year-forms-and-instructions?items_per_page=200&page=1,publication,2006
prior,Publication 54,Tax Guide for U.S. Citizens and Resident Aliens Abroad,2005,,https://www.irs.gov/pub/irs-prior/p54--2005.pdf,https://www.irs.gov/prior-year-forms-and-instructions?items_per_page=200&page=1,publication,2005
prior,Publication 54,Tax Guide for U.S. Citizens and Resident Aliens Abroad,2004,,https://www.irs.gov/pub/irs-prior/p54--2004.pdf,https://www.irs.gov/prior-year-forms-and-instructions?items_per_page=200&page=1,publication,2004
prior,Publication 54,Tax Guide for U.S. Citizens and Resident Aliens Abroad,2003,,https://www.irs.gov/pub/irs-prior/p54--2003.pdf,https://www.irs.gov/prior-year-forms-and-instructions?items_per_page=200&page=1,publication,2003
prior,Publication 54,Tax Guide for U.S. Citizens and Resident Aliens Abroad,2002,,https://www.irs.gov/pub/irs-prior/p54--2002.pdf,https://www.irs.gov/prior-year-forms-and-instructions?items_per_page=200&page=1,publication,2002
prior,Publication 54,Tax Guide for U.S. Citizens and Resident Aliens Abroad,2001,,https://www.irs.gov/pub/irs-prior/p54--2001.pdf,https://www.irs.gov/prior-year-forms-and-instructions?items_per_page=200&page=1,publication,2001
prior,Publication 54,Tax Guide for U.S. Citizens and Resident Aliens Abroad,2000,,https://www.irs.gov/pub/irs-prior/p54--2000.pdf,https://www.irs.gov/prior-year-forms-and-instructions?items_per_page=200&page=1,publication,2000
prior,Publication 54,Tax Guide for U.S. Citizens and Resident Aliens Abroad,1999,,https://www.irs.gov/pub/irs-prior/p54--1999.pdf,https://www.irs.gov/prior-year-forms-and-instructions?items_per_page=200&page=1,publication,1999
prior,Publication 54,Tax Guide for U.S. Citizens and Resident Aliens Abroad,1998,,https://www.irs.gov/pub/irs-prior/p54--1998.pdf,https://www.irs.gov/prior-year-forms-and-instructions?items_per_page=200&page=1,publication,1998
prior,Publication 54,Tax Guide for U.S. Citizens and Resident Aliens Abroad,1997,,https://www.irs.gov/pub/irs-prior/p54--1997.pdf,https://www.irs.gov/prior-year-forms-and-instructions?items_per_page=200&page=1,publication,1997
prior,Publication 54,Tax Guide for U.S. Citizens and Resident Aliens Abroad,1996,,https://www.irs.gov/pub/irs-prior/p54--1996.pdf,https://www.irs.gov/prior-year-forms-and-instructions?items_per_page=200&page=1,publication,1996
prior,Publication 54,Tax Guide for U.S. Citizens and Resident Aliens Abroad,1995,,https://www.irs.gov/pub/irs-prior/p54--1995.pdf,https://www.irs.gov/prior-year-forms-and-instructions?items_per_page=200&page=1,publication,1995
prior,Publication 54,Tax Guide for U.S. Citizens and Resident Aliens Abroad,1994,,https://www.irs.gov/pub/irs-prior/p54--1994.pdf,https://www.irs.gov/prior-year-forms-and-instructions?items_per_page=200&page=1,publication,1994
prior,Publication 55-B,Internal Revenue Service Data Book,May 2025,,https://www.irs.gov/pub/irs-prior/p55b--052025.pdf,https://www.irs.gov/prior-year-forms-and-instructions?items_per_page=200&page=1,publication,2025
prior,Publication 55-B,Internal Revenue Service Data Book,2024,,https://www.irs.gov/pub/irs-prior/p55b--2024.pdf,https://www.irs.gov/prior-year-forms-and-instructions?items_per_page=200&page=1,publication,2024
prior,Publication 55-B,Internal Revenue Service Data Book,2023,,https://www.irs.gov/pub/irs-prior/p55b--2023.pdf,https://www.irs.gov/prior-year-forms-and-instructions?items_per_page=200&page=1,publication,2023
prior,Publication 55-B,Internal Revenue Service Data Book,2022,,https://www.irs.gov/pub/irs-prior/p55b--2022.pdf,https://www.irs.gov/prior-year-forms-and-instructions?items_per_page=200&page=1,publication,2022
prior,Publication 55-B,Internal Revenue Service Data Book,2021,,https://www.irs.gov/pub/irs-prior/p55b--2021.pdf,https://www.irs.gov/prior-year-forms-and-instructions?items_per_page=200&page=1,publication,2021
prior,Publication 55-B,Internal Revenue Service Data Book,2020,,https://www.irs.gov/pub/irs-prior/p55b--2020.pdf,https://www.irs.gov/prior-year-forms-and-instructions?items_per_page=200&page=1,publication,2020
prior,Publication 55-B,Internal Revenue Service Data Book,2019,,https://www.irs.gov/pub/irs-prior/p55b--2019.pdf,https://www.irs.gov/prior-year-forms-and-instructions?items_per_page=200&page=1,publication,2019
prior,Publication 55-B,Internal Revenue Service Data Book,2018,,https://www.irs.gov/pub/irs-prior/p55b--2018.pdf,https://www.irs.gov/prior-year-forms-and-instructions?items_per_page=200&page=1,publication,2018
prior,Publication 55-B,Internal Revenue Service Data Book,2017,,https://www.irs.gov/pub/irs-prior/p55b--2017.pdf,https://www.irs.gov/prior-year-forms-and-instructions?items_per_page=200&page=1,publication,2017
prior,Publication 55-B,Internal Revenue Service Data Book,2016,,https://www.irs.gov/pub/irs-prior/p55b--2016.pdf,https://www.irs.gov/prior-year-forms-and-instructions?items_per_page=200&page=1,publication,2016
prior,Publication 55-B,Internal Revenue Service Data Book,2015,,https://www.irs.gov/pub/irs-prior/p55b--2015.pdf,https://www.irs.gov/prior-year-forms-and-instructions?items_per_page=200&page=1,publication,2015
prior,Publication 55-B,Internal Revenue Service Data Book,2014,,https://www.irs.gov/pub/irs-prior/p55b--2014.pdf,https://www.irs.gov/prior-year-forms-and-instructions?items_per_page=200&page=1,publication,2014
prior,Publication 55-B,Internal Revenue Service Data Book,2013,,https://www.irs.gov/pub/irs-prior/p55b--2013.pdf,https://www.irs.gov/prior-year-forms-and-instructions?items_per_page=200&page=1,publication,2013
prior,Publication 55-B,Internal Revenue Service Data Book,2012,,https://www.irs.gov/pub/irs-prior/p55b--2012.pdf,https://www.irs.gov/prior-year-forms-and-instructions?items_per_page=200&page=1,publication,2012
prior,Publication 55-B,Internal Revenue Service Data Book,2011,,https://www.irs.gov/pub/irs-prior/p55b--2011.pdf,https://www.irs.gov/prior-year-forms-and-instructions?items_per_page=200&page=1,publication,2011
prior,Publication 55-B,Internal Revenue Service Data Book,2010,,https://www.irs.gov/pub/irs-prior/p55b--2010.pdf,https://www.irs.gov/prior-year-forms-and-instructions?items_per_page=200&page=1,publication,2010
prior,Publication 55-B,Internal Revenue Service Data Book,2009,,https://www.irs.gov/pub/irs-prior/p55b--2009.pdf,https://www.irs.gov/prior-year-forms-and-instructions?items_per_page=200&page=1,publication,2009
prior,Publication 55-B,Internal Revenue Service Data Book,2008,,https://www.irs.gov/pub/irs-prior/p55b--2008.pdf,https://www.irs.gov/prior-year-forms-and-instructions?items_per_page=200&page=1,publication,2008
prior,Publication 55-B,Internal Revenue Service Data Book,2006,,https://www.irs.gov/pub/irs-prior/p55b--2006.pdf,https://www.irs.gov/prior-year-forms-and-instructions?items_per_page=200&page=1,publication,2006
prior,Publication 55-B,Internal Revenue Service Data Book,2005,,https://www.irs.gov/pub/irs-prior/p55b--2005.pdf,https://www.irs.gov/prior-year-forms-and-instructions?items_per_page=200&page=1,publication,2005
prior,Publication 55-B,Internal Revenue Service Data Book,2004,,https://www.irs.gov/pub/irs-prior/p55b--2004.pdf,https://www.irs.gov/prior-year-forms-and-instructions?items_per_page=200&page=1,publication,2004
prior,Publication 55-B,Internal Revenue Service Data Book,2003,,https://www.irs.gov/pub/irs-prior/p55b--2003.pdf,https://www.irs.gov/prior-year-forms-and-instructions?items_per_page=200&page=1,publication,2003
prior,Publication 55-B,Internal Revenue Service Data Book,1998,,https://www.irs.gov/pub/irs-prior/p55b--1998.pdf,https://www.irs.gov/prior-year-forms-and-instructions?items_per_page=200&page=1,publication,1998
prior,Form 56,Notice Concerning Fiduciary Relationship,2022,,https://www.irs.gov/pub/irs-prior/f56--2022.pdf,https://www.irs.gov/prior-year-forms-and-instructions?items_per_page=200&page=1,form,2022
prior,Form 56,Notice Concerning Fiduciary Relationship,2019,,https://www.irs.gov/pub/irs-prior/f56--2019.pdf,https://www.irs.gov/prior-year-forms-and-instructions?items_per_page=200&page=1,form,2019
prior,Form 56,Notice Concerning Fiduciary Relationship,2017,,https://www.irs.gov/pub/irs-prior/f56--2017.pdf,https://www.irs.gov/prior-year-forms-and-instructions?items_per_page=200&page=1,form,2017
prior,Form 56,Notice Concerning Fiduciary Relationship,2015,,https://www.irs.gov/pub/irs-prior/f56--2015.pdf,https://www.irs.gov/prior-year-forms-and-instructions?items_per_page=200&page=1,form,2015
prior,Form 56,Notice Concerning Fiduciary Relationship,2011,,https://www.irs.gov/pub/irs-prior/f56--2011.pdf,https://www.irs.gov/prior-year-forms-and-instructions?items_per_page=200&page=1,form,2011
prior,Form 56,Notice Concerning Fiduciary Relationship,2007,,https://www.irs.gov/pub/irs-prior/f56--2007.pdf,https://www.irs.gov/prior-year-forms-and-instructions?items_per_page=200&page=1,form,2007
prior,Form 56,Notice Concerning Fiduciary Relationship,2004,,https://www.irs.gov/pub/irs-prior/f56--2004.pdf,https://www.irs.gov/prior-year-forms-and-instructions?items_per_page=200&page=1,form,2004
prior,Form 56,Notice Concerning Fiduciary Relationship,2002,,https://www.irs.gov/pub/irs-prior/f56--2002.pdf,https://www.irs.gov/prior-year-forms-and-instructions?items_per_page=200&page=1,form,2002
prior,Form 56,Notice Concerning Fiduciary Relationship,1997,,https://www.irs.gov/pub/irs-prior/f56--1997.pdf,https://www.irs.gov/prior-year-forms-and-instructions?items_per_page=200&page=1,form,1997
prior,Form 56,Notice Concerning Fiduciary Relationship,1994,,https://www.irs.gov/pub/irs-prior/f56--1994.pdf,https://www.irs.gov/prior-year-forms-and-instructions?items_per_page=200&page=1,form,1994
prior,Form 56,Notice Concerning Fiduciary Relationship,1992,,https://www.irs.gov/pub/irs-prior/f56--1992.pdf,https://www.irs.gov/prior-year-forms-and-instructions?items_per_page=200&page=1,form,1992
prior,Form 56,Notice Concerning Fiduciary Relationship,1989,,https://www.irs.gov/pub/irs-prior/f56--1989.pdf,https://www.irs.gov/prior-year-forms-and-instructions?items_per_page=200&page=1,form,1989
prior,Form 56,Notice Concerning Fiduciary Relationship,1986,,https://www.irs.gov/pub/irs-prior/f56--1986.pdf,https://www.irs.gov/prior-year-forms-and-instructions?items_per_page=200&page=1,form,1986
prior,Form 56,Notice Concerning Fiduciary Relationship,1985,,https://www.irs.gov/pub/irs-prior/f56--1985.pdf,https://www.irs.gov/prior-year-forms-and-instructions?items_per_page=200&page=1,form,1985
prior,Form 56,Notice Concerning Fiduciary Relationship,1981,,https://www.irs.gov/pub/irs-prior/f56--1981.pdf,https://www.irs.gov/prior-year-forms-and-instructions?items_per_page=200&page=1,form,1981
prior,Form 56,Notice Concerning Fiduciary Relationship,1978,,https://www.irs.gov/pub/irs-prior/f56--1978.pdf,https://www.irs.gov/prior-year-forms-and-instructions?items_per_page=200&page=1,form,1978
prior,Instruction 56,"Instructions for Form 56, Notice Concerning Fiduciary Relationship",2024,,https://www.irs.gov/pub/irs-prior/i56--2024.pdf,https://www.irs.gov/prior-year-forms-and-instructions?items_per_page=200&page=1,instruction,2024
prior,Instruction 56,"Instructions for Form 56, Notice Concerning Fiduciary Relationship",2019,,https://www.irs.gov/pub/irs-prior/i56--2019.pdf,https://www.irs.gov/prior-year-forms-and-instructions?items_per_page=200&page=1,instruction,2019
prior,Instruction 56,"Instructions for Form 56, Notice Concerning Fiduciary Relationship",2017,,https://www.irs.gov/pub/irs-prior/i56--2017.pdf,https://www.irs.gov/prior-year-forms-and-instructions?items_per_page=200&page=1,instruction,2017
prior,Instruction 56,"Instructions for Form 56, Notice Concerning Fiduciary Relationship",2015,,https://www.irs.gov/pub/irs-prior/i56--2015.pdf,https://www.irs.gov/prior-year-forms-and-instructions?items_per_page=200&page=1,instruction,2015
prior,Instruction 56,"Instructions for Form 56, Notice Concerning Fiduciary Relationship",2011,,https://www.irs.gov/pub/irs-prior/i56--2011.pdf,https://www.irs.gov/prior-year-forms-and-instructions?items_per_page=200&page=1,instruction,2011
prior,Form 56-F,Notice Concerning Fiduciary Relationship of Financial Institution,2022,,https://www.irs.gov/pub/irs-prior/f56f--2022.pdf,https://www.irs.gov/prior-year-forms-and-instructions?items_per_page=200&page=1,form,2022
prior,Form 56-F,Notice Concerning Fiduciary Relationship of Financial Institution,2021,,https://www.irs.gov/pub/irs-prior/f56f--2021.pdf,https://www.irs.gov/prior-year-forms-and-instructions?items_per_page=200&page=1,form,2021
prior,Form 56-F,Notice Concerning Fiduciary Relationship of Financial Institution,2009,,https://www.irs.gov/pub/irs-prior/f56f--2009.pdf,https://www.irs.gov/prior-year-forms-and-instructions?items_per_page=200&page=1,form,2009
prior,Form 56-F,Notice Concerning Fiduciary Relationship of Financial Institution,2007,,https://www.irs.gov/pub/irs-prior/f56f--2007.pdf,https://www.irs.gov/prior-year-forms-and-instructions?items_per_page=200&page=1,form,2007
prior,Form 56-F,Notice Concerning Fiduciary Relationship of Financial Institution,1991,,https://www.irs.gov/pub/irs-prior/f56f--1991.pdf,https://www.irs.gov/prior-year-forms-and-instructions?items_per_page=200&page=1,form,1991
prior,Publication 80,"Circular SS - Federal Tax Guide for Employers in the U.S. Virgin Islands, Guam, American Samoa, and the Commonwealth of the Northern Mariana Islands",2023,,https://www.irs.gov/pub/irs-prior/p80--2023.pdf,https://www.irs.gov/prior-year-forms-and-instructions?items_per_page=200&page=1,publication,2023
prior,Publication 80,"Circular SS - Federal Tax Guide for Employers in the U.S. Virgin Islands, Guam, American Samoa, and the Commonwealth of the Northern Mariana Islands",2022,,https://www.irs.gov/pub/irs-prior/p80--2022.pdf,https://www.irs.gov/prior-year-forms-and-instructions?items_per_page=200&page=1,publication,2022
prior,Publication 80,"Circular SS - Federal Tax Guide for Employers in the U.S. Virgin Islands, Guam, American Samoa, and the Commonwealth of the Northern Mariana Islands",2021,,https://www.irs.gov/pub/irs-prior/p80--2021.pdf,https://www.irs.gov/prior-year-forms-and-instructions?items_per_page=200&page=2,publication,2021
prior,Publication 80,"Circular SS - Federal Tax Guide for Employers in the U.S. Virgin Islands, Guam, American Samoa, and the Commonwealth of the Northern Mariana Islands",2020,,https://www.irs.gov/pub/irs-prior/p80--2020.pdf,https://www.irs.gov/prior-year-forms-and-instructions?items_per_page=200&page=2,publication,2020
prior,Publication 80,"Circular SS - Federal Tax Guide for Employers in the U.S. Virgin Islands, Guam, American Samoa, and the Commonwealth of the Northern Mariana Islands",2019,,https://www.irs.gov/pub/irs-prior/p80--2019.pdf,https://www.irs.gov/prior-year-forms-and-instructions?items_per_page=200&page=2,publication,2019
prior,Publication 80,"Circular SS - Federal Tax Guide for Employers in the U.S. Virgin Islands, Guam, American Samoa, and the Commonwealth of the Northern Mariana Islands",2018,,https://www.irs.gov/pub/irs-prior/p80--2018.pdf,https://www.irs.gov/prior-year-forms-and-instructions?items_per_page=200&page=2,publication,2018
prior,Publication 80,"Circular SS - Federal Tax Guide for Employers in the U.S. Virgin Islands, Guam, American Samoa, and the Commonwealth of the Northern Mariana Islands",2017,,https://www.irs.gov/pub/irs-prior/p80--2017.pdf,https://www.irs.gov/prior-year-forms-and-instructions?items_per_page=200&page=2,publication,2017
prior,Publication 80,"Circular SS - Federal Tax Guide for Employers in the U.S. Virgin Islands, Guam, American Samoa, and the Commonwealth of the Northern Mariana Islands",2016,,https://www.irs.gov/pub/irs-prior/p80--2016.pdf,https://www.irs.gov/prior-year-forms-and-instructions?items_per_page=200&page=2,publication,2016
prior,Publication 80,"Circular SS - Federal Tax Guide for Employers in the U.S. Virgin Islands, Guam, American Samoa, and the Commonwealth of the Northern Mariana Islands",2015,,https://www.irs.gov/pub/irs-prior/p80--2015.pdf,https://www.irs.gov/prior-year-forms-and-instructions?items_per_page=200&page=2,publication,2015
prior,Publication 80,"Circular SS - Federal Tax Guide for Employers in the U.S. Virgin Islands, Guam, American Samoa, and the Commonwealth of the Northern Mariana Islands",2014,,https://www.irs.gov/pub/irs-prior/p80--2014.pdf,https://www.irs.gov/prior-year-forms-and-instructions?items_per_page=200&page=2,publication,2014
prior,Publication 80,"Circular SS - Federal Tax Guide for Employers in the U.S. Virgin Islands, Guam, American Samoa, and the Commonwealth of the Northern Mariana Islands",2013,,https://www.irs.gov/pub/irs-prior/p80--2013.pdf,https://www.irs.gov/prior-year-forms-and-instructions?items_per_page=200&page=2,publication,2013
prior,Publication 80,"Circular SS - Federal Tax Guide for Employers in the U.S. Virgin Islands, Guam, American Samoa, and the Commonwealth of the Northern Mariana Islands",2012,,https://www.irs.gov/pub/irs-prior/p80--2012.pdf,https://www.irs.gov/prior-year-forms-and-instructions?items_per_page=200&page=2,publication,2012
prior,Publication 80,"Circular SS - Federal Tax Guide for Employers in the U.S. Virgin Islands, Guam, American Samoa, and the Commonwealth of the Northern Mariana Islands",2011,,https://www.irs.gov/pub/irs-prior/p80--2011.pdf,https://www.irs.gov/prior-year-forms-and-instructions?items_per_page=200&page=2,publication,2011
prior,Publication 80,"Circular SS - Federal Tax Guide for Employers in the U.S. Virgin Islands, Guam, American Samoa, and the Commonwealth of the Northern Mariana Islands",2010,,https://www.irs.gov/pub/irs-prior/p80--2010.pdf,https://www.irs.gov/prior-year-forms-and-instructions?items_per_page=200&page=2,publication,2010
prior,Publication 80,"Circular SS - Federal Tax Guide for Employers in the U.S. Virgin Islands, Guam, American Samoa, and the Commonwealth of the Northern Mariana Islands",2009,,https://www.irs.gov/pub/irs-prior/p80--2009.pdf,https://www.irs.gov/prior-year-forms-and-instructions?items_per_page=200&page=2,publication,2009
prior,Publication 80,"Circular SS - Federal Tax Guide for Employers in the U.S. Virgin Islands, Guam, American Samoa, and the Commonwealth of the Northern Mariana Islands",2008,,https://www.irs.gov/pub/irs-prior/p80--2008.pdf,https://www.irs.gov/prior-year-forms-and-instructions?items_per_page=200&page=2,publication,2008
prior,Form 172,"Net Operating Losses (NOLs) For Individuals, Estates, and Trusts",2024,,https://www.irs.gov/pub/irs-prior/f172--2024.pdf,https://www.irs.gov/prior-year-forms-and-instructions?items_per_page=200&page=2,form,2024
prior,Instruction 172,"Instructions for Form 172, Net Operating Losses (NOLs) for Individuals, Estates, and Trusts",2024,,https://www.irs.gov/pub/irs-prior/i172--2024.pdf,https://www.irs.gov/prior-year-forms-and-instructions?items_per_page=200&page=2,instruction,2024
prior,Publication 179,Circular PR - Guia Contributiva Federal Para Patronos Puertorriquenos,2023,,https://www.irs.gov/pub/irs-prior/p179--2023.pdf,https://www.irs.gov/prior-year-forms-and-instructions?items_per_page=200&page=2,publication,2023
prior,Publication 179,Circular PR - Guia Contributiva Federal Para Patronos Puertorriquenos,2022,,https://www.irs.gov/pub/irs-prior/p179--2022.pdf,https://www.irs.gov/prior-year-forms-and-instructions?items_per_page=200&page=2,publication,2022
prior,Publication 179,Circular PR - Guia Contributiva Federal Para Patronos Puertorriquenos,2021,,https://www.irs.gov/pub/irs-prior/p179--2021.pdf,https://www.irs.gov/prior-year-forms-and-instructions?items_per_page=200&page=2,publication,2021
prior,Publication 179,Circular PR - Guia Contributiva Federal Para Patronos Puertorriquenos,2020,,https://www.irs.gov/pub/irs-prior/p179--2020.pdf,https://www.irs.gov/prior-year-forms-and-instructions?items_per_page=200&page=2,publication,2020
prior,Publication 179,Circular PR - Guia Contributiva Federal Para Patronos Puertorriquenos,2019,,https://www.irs.gov/pub/irs-prior/p179--2019.pdf,https://www.irs.gov/prior-year-forms-and-instructions?items_per_page=200&page=2,publication,2019
prior,Publication 179,Circular PR - Guia Contributiva Federal Para Patronos Puertorriquenos,2018,,https://www.irs.gov/pub/irs-prior/p179--2018.pdf,https://www.irs.gov/prior-year-forms-and-instructions?items_per_page=200&page=2,publication,2018
prior,Publication 179,Circular PR - Guia Contributiva Federal Para Patronos Puertorriquenos,2017,,https://www.irs.gov/pub/irs-prior/p179--2017.pdf,https://www.irs.gov/prior-year-forms-and-instructions?items_per_page=200&page=2,publication,2017
prior,Publication 179,Circular PR - Guia Contributiva Federal Para Patronos Puertorriquenos,2016,,https://www.irs.gov/pub/irs-prior/p179--2016.pdf,https://www.irs.gov/prior-year-forms-and-instructions?items_per_page=200&page=2,publication,2016
prior,Publication 179,Circular PR - Guia Contributiva Federal Para Patronos Puertorriquenos,2015,,https://www.irs.gov/pub/irs-prior/p179--2015.pdf,https://www.irs.gov/prior-year-forms-and-instructions?items_per_page=200&page=2,publication,2015
prior,Publication 179,Circular PR - Guia Contributiva Federal Para Patronos Puertorriquenos,2014,,https://www.irs.gov/pub/irs-prior/p179--2014.pdf,https://www.irs.gov/prior-year-forms-and-instructions?items_per_page=200&page=2,publication,2014
prior,Publication 179,Circular PR - Guia Contributiva Federal Para Patronos Puertorriquenos,2013,,https://www.irs.gov/pub/irs-prior/p179--2013.pdf,https://www.irs.gov/prior-year-forms-and-instructions?items_per_page=200&page=2,publication,2013
prior,Publication 179,Circular PR - Guia Contributiva Federal Para Patronos Puertorriquenos,2012,,https://www.irs.gov/pub/irs-prior/p179--2012.pdf,https://www.irs.gov/prior-year-forms-and-instructions?items_per_page=200&page=2,publication,2012
prior,Publication 179,Circular PR - Guia Contributiva Federal Para Patronos Puertorriquenos,2011,,https://www.irs.gov/pub/irs-prior/p179--2011.pdf,https://www.irs.gov/prior-year-forms-and-instructions?items_per_page=200&page=2,publication,2011
prior,Publication 179,Circular PR - Guia Contributiva Federal Para Patronos Puertorriquenos,2010,,https://www.irs.gov/pub/irs-prior/p179--2010.pdf,https://www.irs.gov/prior-year-forms-and-instructions?items_per_page=200&page=2,publication,2010
prior,Publication 179,Circular PR - Guia Contributiva Federal Para Patronos Puertorriquenos,2009,,https://www.irs.gov/pub/irs-prior/p179--2009.pdf,https://www.irs.gov/prior-year-forms-and-instructions?items_per_page=200&page=2,publication,2009
prior,Publication 179,Circular PR - Guia Contributiva Federal Para Patronos Puertorriquenos,1995,,https://www.irs.gov/pub/irs-prior/p179--1995.pdf,https://www.irs.gov/prior-year-forms-and-instructions?items_per_page=200&page=2,publication,1995
prior,Publication 213,You May Need To Check Your Withholding,2009,,https://www.irs.gov/pub/irs-prior/p213--2009.pdf,https://www.irs.gov/prior-year-forms-and-instructions?items_per_page=200&page=2,publication,2009
prior,Publication 213,You May Need To Check Your Withholding,2003,,https://www.irs.gov/pub/irs-prior/p213--2003.pdf,https://www.irs.gov/prior-year-forms-and-instructions?items_per_page=200&page=2,publication,2003
prior,Publication 213,You May Need To Check Your Withholding,2002,,https://www.irs.gov/pub/irs-prior/p213--2002.pdf,https://www.irs.gov/prior-year-forms-and-instructions?items_per_page=200&page=2,publication,2002
prior,Publication 213,You May Need To Check Your Withholding,2000,,https://www.irs.gov/pub/irs-prior/p213--2000.pdf,https://www.irs.gov/prior-year-forms-and-instructions?items_per_page=200&page=2,publication,2000
prior,Publication 225,Farmer's Tax Guide,2025,,https://www.irs.gov/pub/irs-prior/p225--2025.pdf,https://www.irs.gov/prior-year-forms-and-instructions?items_per_page=200&page=2,publication,2025
prior,Publication 225,Farmer's Tax Guide,2024,,https://www.irs.gov/pub/irs-prior/p225--2024.pdf,https://www.irs.gov/prior-year-forms-and-instructions?items_per_page=200&page=2,publication,2024
prior,Publication 225,Farmer's Tax Guide,2023,,https://www.irs.gov/pub/irs-prior/p225--2023.pdf,https://www.irs.gov/prior-year-forms-and-instructions?items_per_page=200&page=2,publication,2023
prior,Publication 225,Farmer's Tax Guide,2022,,https://www.irs.gov/pub/irs-prior/p225--2022.pdf,https://www.irs.gov/prior-year-forms-and-instructions?items_per_page=200&page=2,publication,2022
prior,Publication 225,Farmer's Tax Guide,2021,,https://www.irs.gov/pub/irs-prior/p225--2021.pdf,https://www.irs.gov/prior-year-forms-and-instructions?items_per_page=200&page=2,publication,2021
prior,Publication 225,Farmer's Tax Guide,2020,,https://www.irs.gov/pub/irs-prior/p225--2020.pdf,https://www.irs.gov/prior-year-forms-and-instructions?items_per_page=200&page=2,publication,2020
prior,Publication 225,Farmer's Tax Guide,2019,,https://www.irs.gov/pub/irs-prior/p225--2019.pdf,https://www.irs.gov/prior-year-forms-and-instructions?items_per_page=200&page=2,publication,2019
prior,Publication 225,Farmer's Tax Guide,2018,,https://www.irs.gov/pub/irs-prior/p225--2018.pdf,https://www.irs.gov/prior-year-forms-and-instructions?items_per_page=200&page=2,publication,2018
prior,Publication 225,Farmer's Tax Guide,2017,,https://www.irs.gov/pub/irs-prior/p225--2017.pdf,https://www.irs.gov/prior-year-forms-and-instructions?items_per_page=200&page=2,publication,2017
prior,Publication 225,Farmer's Tax Guide,2016,,https://www.irs.gov/pub/irs-prior/p225--2016.pdf,https://www.irs.gov/prior-year-forms-and-instructions?items_per_page=200&page=2,publication,2016
prior,Publication 225,Farmer's Tax Guide,2015,,https://www.irs.gov/pub/irs-prior/p225--2015.pdf,https://www.irs.gov/prior-year-forms-and-instructions?items_per_page=200&page=2,publication,2015
prior,Publication 225,Farmer's Tax Guide,2014,,https://www.irs.gov/pub/irs-prior/p225--2014.pdf,https://www.irs.gov/prior-year-forms-and-instructions?items_per_page=200&page=2,publication,2014
prior,Publication 225,Farmer's Tax Guide,2013,,https://www.irs.gov/pub/irs-prior/p225--2013.pdf,https://www.irs.gov/prior-year-forms-and-instructions?items_per_page=200&page=2,publication,2013
prior,Publication 225,Farmer's Tax Guide,2012,,https://www.irs.gov/pub/irs-prior/p225--2012.pdf,https://www.irs.gov/prior-year-forms-and-instructions?items_per_page=200&page=2,publication,2012
prior,Publication 225,Farmer's Tax Guide,2011,,https://www.irs.gov/pub/irs-prior/p225--2011.pdf,https://www.irs.gov/prior-year-forms-and-instructions?items_per_page=200&page=2,publication,2011
prior,Publication 225,Farmer's Tax Guide,2010,,https://www.irs.gov/pub/irs-prior/p225--2010.pdf,https://www.irs.gov/prior-year-forms-and-instructions?items_per_page=200&page=2,publication,2010
prior,Publication 225,Farmer's Tax Guide,2009,,https://www.irs.gov/pub/irs-prior/p225--2009.pdf,https://www.irs.gov/prior-year-forms-and-instructions?items_per_page=200&page=2,publication,2009
prior,Publication 225,Farmer's Tax Guide,2008,,https://www.irs.gov/pub/irs-prior/p225--2008.pdf,https://www.irs.gov/prior-year-forms-and-instructions?items_per_page=200&page=2,publication,2008
prior,Publication 225,Farmer's Tax Guide,2007,,https://www.irs.gov/pub/irs-prior/p225--2007.pdf,https://www.irs.gov/prior-year-forms-and-instructions?items_per_page=200&page=2,publication,2007
prior,Publication 225,Farmer's Tax Guide,2006,,https://www.irs.gov/pub/irs-prior/p225--2006.pdf,https://www.irs.gov/prior-year-forms-and-instructions?items_per_page=200&page=2,publication,2006
prior,Publication 225,Farmer's Tax Guide,2005,,https://www.irs.gov/pub/irs-prior/p225--2005.pdf,https://www.irs.gov/prior-year-forms-and-instructions?items_per_page=200&page=2,publication,2005
prior,Publication 225,Farmer's Tax Guide,2004,,https://www.irs.gov/pub/irs-prior/p225--2004.pdf,https://www.irs.gov/prior-year-forms-and-instructions?items_per_page=200&page=2,publication,2004
prior,Publication 225,Farmer's Tax Guide,2003,,https://www.irs.gov/pub/irs-prior/p225--2003.pdf,https://www.irs.gov/prior-year-forms-and-instructions?items_per_page=200&page=2,publication,2003
prior,Publication 225,Farmer's Tax Guide,2002,,https://www.irs.gov/pub/irs-prior/p225--2002.pdf,https://www.irs.gov/prior-year-forms-and-instructions?items_per_page=200&page=2,publication,2002
prior,Publication 225,Farmer's Tax Guide,2001,,https://www.irs.gov/pub/irs-prior/p225--2001.pdf,https://www.irs.gov/prior-year-forms-and-instructions?items_per_page=200&page=2,publication,2001
prior,Publication 225,Farmer's Tax Guide,2000,,https://www.irs.gov/pub/irs-prior/p225--2000.pdf,https://www.irs.gov/prior-year-forms-and-instructions?items_per_page=200&page=2,publication,2000
prior,Publication 225,Farmer's Tax Guide,1999,,https://www.irs.gov/pub/irs-prior/p225--1999.pdf,https://www.irs.gov/prior-year-forms-and-instructions?items_per_page=200&page=2,publication,1999
prior,Publication 225,Farmer's Tax Guide,1998,,https://www.irs.gov/pub/irs-prior/p225--1998.pdf,https://www.irs.gov/prior-year-forms-and-instructions?items_per_page=200&page=2,publication,1998
prior,Publication 225,Farmer's Tax Guide,1997,,https://www.irs.gov/pub/irs-prior/p225--1997.pdf,https://www.irs.gov/prior-year-forms-and-instructions?items_per_page=200&page=2,publication,1997
prior,Publication 225,Farmer's Tax Guide,1996,,https://www.irs.gov/pub/irs-prior/p225--1996.pdf,https://www.irs.gov/prior-year-forms-and-instructions?items_per_page=200&page=2,publication,1996
prior,Publication 225,Farmer's Tax Guide,1995,,https://www.irs.gov/pub/irs-prior/p225--1995.pdf,https://www.irs.gov/prior-year-forms-and-instructions?items_per_page=200&page=2,publication,1995
prior,Publication 225,Farmer's Tax Guide,1994,,https://www.irs.gov/pub/irs-prior/p225--1994.pdf,https://www.irs.gov/prior-year-forms-and-instructions?items_per_page=200&page=2,publication,1994
prior,Publication 334,Tax Guide For Small Business (For Individuals Who Use Schedule C),2025,,https://www.irs.gov/pub/irs-prior/p334--2025.pdf,https://www.irs.gov/prior-year-forms-and-instructions?items_per_page=200&page=2,publication,2025
prior,Publication 334,Tax Guide for Small Business (For Individuals Who Use Schedule C),2024,,https://www.irs.gov/pub/irs-prior/p334--2024.pdf,https://www.irs.gov/prior-year-forms-and-instructions?items_per_page=200&page=2,publication,2024
prior,Publication 334,Tax Guide for Small Business (For Individuals Who Use Schedule C or C-EZ),2023,,https://www.irs.gov/pub/irs-prior/p334--2023.pdf,https://www.irs.gov/prior-year-forms-and-instructions?items_per_page=200&page=2,publication,2023
prior,Publication 334,Tax Guide for Small Business (For Individuals Who Use Schedule C or C-EZ),2022,,https://www.irs.gov/pub/irs-prior/p334--2022.pdf,https://www.irs.gov/prior-year-forms-and-instructions?items_per_page=200&page=2,publication,2022
prior,Publication 334,Tax Guide for Small Business (For Individuals Who Use Schedule C or C-EZ),2021,,https://www.irs.gov/pub/irs-prior/p334--2021.pdf,https://www.irs.gov/prior-year-forms-and-instructions?items_per_page=200&page=2,publication,2021
prior,Publication 334,Tax Guide for Small Business (For Individuals Who Use Schedule C or C-EZ),2020,,https://www.irs.gov/pub/irs-prior/p334--2020.pdf,https://www.irs.gov/prior-year-forms-and-instructions?items_per_page=200&page=2,publication,2020
prior,Publication 334,Tax Guide for Small Business (For Individuals Who Use Schedule C or C-EZ),2019,,https://www.irs.gov/pub/irs-prior/p334--2019.pdf,https://www.irs.gov/prior-year-forms-and-instructions?items_per_page=200&page=2,publication,2019
prior,Publication 334,Tax Guide for Small Business (For Individuals Who Use Schedule C or C-EZ),2018,,https://www.irs.gov/pub/irs-prior/p334--2018.pdf,https://www.irs.gov/prior-year-forms-and-instructions?items_per_page=200&page=2,publication,2018
prior,Publication 334,Tax Guide for Small Business (For Individuals Who Use Schedule C or C-EZ),2017,,https://www.irs.gov/pub/irs-prior/p334--2017.pdf,https://www.irs.gov/prior-year-forms-and-instructions?items_per_page=200&page=2,publication,2017
prior,Publication 334,Tax Guide for Small Business (For Individuals Who Use Schedule C or C-EZ),2016,,https://www.irs.gov/pub/irs-prior/p334--2016.pdf,https://www.irs.gov/prior-year-forms-and-instructions?items_per_page=200&page=2,publication,2016
prior,Publication 334,Tax Guide for Small Business (For Individuals Who Use Schedule C or C-EZ),2015,,https://www.irs.gov/pub/irs-prior/p334--2015.pdf,https://www.irs.gov/prior-year-forms-and-instructions?items_per_page=200&page=2,publication,2015
prior,Publication 334,Tax Guide for Small Business (For Individuals Who Use Schedule C or C-EZ),2014,,https://www.irs.gov/pub/irs-prior/p334--2014.pdf,https://www.irs.gov/prior-year-forms-and-instructions?items_per_page=200&page=2,publication,2014
prior,Publication 334,Tax Guide for Small Business (For Individuals Who Use Schedule C or C-EZ),2013,,https://www.irs.gov/pub/irs-prior/p334--2013.pdf,https://www.irs.gov/prior-year-forms-and-instructions?items_per_page=200&page=2,publication,2013
prior,Publication 334,Tax Guide for Small Business (For Individuals Who Use Schedule C or C-EZ),2012,,https://www.irs.gov/pub/irs-prior/p334--2012.pdf,https://www.irs.gov/prior-year-forms-and-instructions?items_per_page=200&page=2,publication,2012
prior,Publication 334,Tax Guide for Small Business (For Individuals Who Use Schedule C or C-EZ),2011,,https://www.irs.gov/pub/irs-prior/p334--2011.pdf,https://www.irs.gov/prior-year-forms-and-instructions?items_per_page=200&page=2,publication,2011
prior,Publication 334,Tax Guide for Small Business (For Individuals Who Use Schedule C or C-EZ),2010,,https://www.irs.gov/pub/irs-prior/p334--2010.pdf,https://www.irs.gov/prior-year-forms-and-instructions?items_per_page=200&page=2,publication,2010
prior,Publication 334,Tax Guide for Small Business (For Individuals Who Use Schedule C or C-EZ),2009,,https://www.irs.gov/pub/irs-prior/p334--2009.pdf,https://www.irs.gov/prior-year-forms-and-instructions?items_per_page=200&page=2,publication,2009
prior,Publication 334,Tax Guide for Small Business (For Individuals Who Use Schedule C or C-EZ),2008,,https://www.irs.gov/pub/irs-prior/p334--2008.pdf,https://www.irs.gov/prior-year-forms-and-instructions?items_per_page=200&page=2,publication,2008
prior,Publication 334,Tax Guide for Small Business (For Individuals Who Use Schedule C or C-EZ),2007,,https://www.irs.gov/pub/irs-prior/p334--2007.pdf,https://www.irs.gov/prior-year-forms-and-instructions?items_per_page=200&page=2,publication,2007
prior,Publication 334,Tax Guide for Small Business (For Individuals Who Use Schedule C or C-EZ),2006,,https://www.irs.gov/pub/irs-prior/p334--2006.pdf,https://www.irs.gov/prior-year-forms-and-instructions?items_per_page=200&page=2,publication,2006
prior,Publication 334,Tax Guide for Small Business (For Individuals Who Use Schedule C or C-EZ),2005,,https://www.irs.gov/pub/irs-prior/p334--2005.pdf,https://www.irs.gov/prior-year-forms-and-instructions?items_per_page=200&page=2,publication,2005
prior,Publication 334,Tax Guide for Small Business (For Individuals Who Use Schedule C or C-EZ),2004,,https://www.irs.gov/pub/irs-prior/p334--2004.pdf,https://www.irs.gov/prior-year-forms-and-instructions?items_per_page=200&page=2,publication,2004
prior,Publication 334,Tax Guide for Small Business (For Individuals Who Use Schedule C or C-EZ),2003,,https://www.irs.gov/pub/irs-prior/p334--2003.pdf,https://www.irs.gov/prior-year-forms-and-instructions?items_per_page=200&page=2,publication,2003
prior,Publication 334,Tax Guide for Small Business (For Individuals Who Use Schedule C or C-EZ),2002,,https://www.irs.gov/pub/irs-prior/p334--2002.pdf,https://www.irs.gov/prior-year-forms-and-instructions?items_per_page=200&page=2,publication,2002
prior,Publication 334,Tax Guide for Small Business (For Individuals Who Use Schedule C or C-EZ),2001,,https://www.irs.gov/pub/irs-prior/p334--2001.pdf,https://www.irs.gov/prior-year-forms-and-instructions?items_per_page=200&page=2,publication,2001
prior,Publication 334,Tax Guide for Small Business (For Individuals Who Use Schedule C or C-EZ),2000,,https://www.irs.gov/pub/irs-prior/p334--2000.pdf,https://www.irs.gov/prior-year-forms-and-instructions?items_per_page=200&page=2,publication,2000
prior,Publication 334,Tax Guide for Small Business (For Individuals Who Use Schedule C or C-EZ),1999,,https://www.irs.gov/pub/irs-prior/p334--1999.pdf,https://www.irs.gov/prior-year-forms-and-instructions?items_per_page=200&page=2,publication,1999
prior,Publication 334,Tax Guide for Small Business (For Individuals Who Use Schedule C or C-EZ),1998,,https://www.irs.gov/pub/irs-prior/p334--1998.pdf,https://www.irs.gov/prior-year-forms-and-instructions?items_per_page=200&page=2,publication,1998
prior,Publication 334,Tax Guide for Small Business (For Individuals Who Use Schedule C or C-EZ),1997,,https://www.irs.gov/pub/irs-prior/p334--1997.pdf,https://www.irs.gov/prior-year-forms-and-instructions?items_per_page=200&page=2,publication,1997
prior,Publication 334,Tax Guide for Small Business (For Individuals Who Use Schedule C or C-EZ),1996,,https://www.irs.gov/pub/irs-prior/p334--1996.pdf,https://www.irs.gov/prior-year-forms-and-instructions?items_per_page=200&page=2,publication,1996
prior,Publication 334,Tax Guide for Small Business (For Individuals Who Use Schedule C or C-EZ),1995,,https://www.irs.gov/pub/irs-prior/p334--1995.pdf,https://www.irs.gov/prior-year-forms-and-instructions?items_per_page=200&page=2,publication,1995
prior,Publication 334,Tax Guide for Small Business (For Individuals Who Use Schedule C or C-EZ),1994,,https://www.irs.gov/pub/irs-prior/p334--1994.pdf,https://www.irs.gov/prior-year-forms-and-instructions?items_per_page=200&page=2,publication,1994
prior,Publication 334 (ko),Tax Guide For Small Business (For Individuals Who Use Schedule C) (Korean Version),2025,,https://www.irs.gov/pub/irs-prior/p334ko--2025.pdf,https://www.irs.gov/prior-year-forms-and-instructions?items_per_page=200&page=2,publication,2025
prior,Publication 334 (ko),Tax Guide For Small Business (For Individuals Who Use Schedule C) (Korean Version),2024,,https://www.irs.gov/pub/irs-prior/p334ko--2024.pdf,https://www.irs.gov/prior-year-forms-and-instructions?items_per_page=200&page=2,publication,2024
prior,Publication 334 (ko),Tax Guide For Small Business (For Individuals Who Use Schedule C or C-EZ) (Korean Version),2023,,https://www.irs.gov/pub/irs-prior/p334ko--2023.pdf,https://www.irs.gov/prior-year-forms-and-instructions?items_per_page=200&page=2,publication,2023
prior,Publication 334 (ko),Tax Guide For Small Business (For Individuals Who Use Schedule C or C-EZ) (Korean Version),2022,,https://www.irs.gov/pub/irs-prior/p334ko--2022.pdf,https://www.irs.gov/prior-year-forms-and-instructions?items_per_page=200&page=2,publication,2022
prior,Publication 334 (ko),Tax Guide For Small Business (For Individuals Who Use Schedule C or C-EZ) (Korean Version),2021,,https://www.irs.gov/pub/irs-prior/p334ko--2021.pdf,https://www.irs.gov/prior-year-forms-and-instructions?items_per_page=200&page=2,publication,2021
prior,Publication 334 (ru),Tax Guide for Small Business (For Individuals Who Use Schedule C) (Russian Version),2025,,https://www.irs.gov/pub/irs-prior/p334ru--2025.pdf,https://www.irs.gov/prior-year-forms-and-instructions?items_per_page=200&page=2,publication,2025
prior,Publication 334 (ru),Tax Guide For Small Business (For Individuals Who Use Schedule C) (Russian Version),2024,,https://www.irs.gov/pub/irs-prior/p334ru--2024.pdf,https://www.irs.gov/prior-year-forms-and-instructions?items_per_page=200&page=2,publication,2024
prior,Publication 334 (ru),Tax Guide For Small Business (For Individuals Who Use Schedule C or C-EZ) (Russian Version),2023,,https://www.irs.gov/pub/irs-prior/p334ru--2023.pdf,https://www.irs.gov/prior-year-forms-and-instructions?items_per_page=200&page=2,publication,2023
prior,Publication 334 (ru),Tax Guide For Small Business (For Individuals Who Use Schedule C or C-EZ) (Russian Version),2022,,https://www.irs.gov/pub/irs-prior/p334ru--2022.pdf,https://www.irs.gov/prior-year-forms-and-instructions?items_per_page=200&page=2,publication,2022
prior,Publication 334 (ru),Tax Guide For Small Business (For Individuals Who Use Schedule C or C-EZ) (Russian Version),2021,,https://www.irs.gov/pub/irs-prior/p334ru--2021.pdf,https://www.irs.gov/prior-year-forms-and-instructions?items_per_page=200&page=2,publication,2021
prior,Publication 334 (sp),Tax Guide For Small Business (For Individuals Who Use Schedule C) (Spanish Version),2025,,https://www.irs.gov/pub/irs-prior/p334sp--2025.pdf,https://www.irs.gov/prior-year-forms-and-instructions?items_per_page=200&page=2,publication,2025
prior,Publication 334 (sp),Tax Guide For Small Business (For Individuals Who Use Schedule C) (Spanish Version),2024,,https://www.irs.gov/pub/irs-prior/p334sp--2024.pdf,https://www.irs.gov/prior-year-forms-and-instructions?items_per_page=200&page=2,publication,2024
prior,Publication 334 (sp),Tax Guide For Small Business (For Individuals Who Use Schedule C or C-EZ) (Spanish Version),2023,,https://www.irs.gov/pub/irs-prior/p334sp--2023.pdf,https://www.irs.gov/prior-year-forms-and-instructions?items_per_page=200&page=2,publication,2023
prior,Publication 334 (sp),Tax Guide For Small Business (For Individuals Who Use Schedule C or C-EZ) (Spanish Version),2022,,https://www.irs.gov/pub/irs-prior/p334sp--2022.pdf,https://www.irs.gov/prior-year-forms-and-instructions?items_per_page=200&page=2,publication,2022
prior,Publication 334 (sp),Tax Guide For Small Business (For Individuals Who Use Schedule C or C-EZ) (Spanish Version),2021,,https://www.irs.gov/pub/irs-prior/p334sp--2021.pdf,https://www.irs.gov/prior-year-forms-and-instructions?items_per_page=200&page=2,publication,2021
prior,Publication 334 (vie),Tax Guide for Small Business (For Individuals Who Use Schedule C) (Vietnamese Version),2025,,https://www.irs.gov/pub/irs-prior/p334vie--2025.pdf,https://www.irs.gov/prior-year-forms-and-instructions?items_per_page=200&page=2,publication,2025
prior,Publication 334 (vie),Tax Guide For Small Business (For Individuals Who Use Schedule C) (Vietnamese Version),2024,,https://www.irs.gov/pub/irs-prior/p334vie--2024.pdf,https://www.irs.gov/prior-year-forms-and-instructions?items_per_page=200&page=2,publication,2024
prior,Publication 334 (vie),Tax Guide For Small Business (For Individuals Who Use Schedule C or C-EZ) (Vietnamese Version),2023,,https://www.irs.gov/pub/irs-prior/p334vie--2023.pdf,https://www.irs.gov/prior-year-forms-and-instructions?items_per_page=200&page=2,publication,2023
prior,Publication 334 (vie),Tax Guide For Small Business (For Individuals Who Use Schedule C or C-EZ) (Vietnamese Version),2022,,https://www.irs.gov/pub/irs-prior/p334vie--2022.pdf,https://www.irs.gov/prior-year-forms-and-instructions?items_per_page=200&page=2,publication,2022
prior,Publication 334 (vie),Tax Guide For Small Business (For Individuals Who Use Schedule C or C-EZ) (Vietnamese Version),2021,,https://www.irs.gov/pub/irs-prior/p334vie--2021.pdf,https://www.irs.gov/prior-year-forms-and-instructions?items_per_page=200&page=2,publication,2021
prior,Publication 334 (zh-s),Tax Guide for Small Business (For Individuals Who Use Schedule C) (Chinese-Simplified Version),2025,,https://www.irs.gov/pub/irs-prior/p334zhs--2025.pdf,https://www.irs.gov/prior-year-forms-and-instructions?items_per_page=200&page=2,publication,2025
prior,Publication 334 (zh-s),Tax Guide for Small Business (For Individuals Who Use Schedule C) (Chinese-Simplified Version),2024,,https://www.irs.gov/pub/irs-prior/p334zhs--2024.pdf,https://www.irs.gov/prior-year-forms-and-instructions?items_per_page=200&page=2,publication,2024
prior,Publication 334 (zh-s),Tax Guide for Small Business (For Individuals Who Use Schedule C or C-EZ) (Chinese-Simplified Version),2023,,https://www.irs.gov/pub/irs-prior/p334zhs--2023.pdf,https://www.irs.gov/prior-year-forms-and-instructions?items_per_page=200&page=2,publication,2023
prior,Publication 334 (zh-s),Tax Guide for Small Business (For Individuals Who Use Schedule C or C-EZ) (Chinese-Simplified Version),2022,,https://www.irs.gov/pub/irs-prior/p334zhs--2022.pdf,https://www.irs.gov/prior-year-forms-and-instructions?items_per_page=200&page=2,publication,2022
prior,Publication 334 (zh-s),Tax Guide for Small Business (For Individuals Who Use Schedule C or C-EZ) (Chinese-Simplified Version),2021,,https://www.irs.gov/pub/irs-prior/p334zhs--2021.pdf,https://www.irs.gov/prior-year-forms-and-instructions?items_per_page=200&page=2,publication,2021
prior,Publication 334 (zh-t),Tax Guide for Small Business (For Individuals Who Use Schedule C) (Chinese-Traditional Version),2025,,https://www.irs.gov/pub/irs-prior/p334zht--2025.pdf,https://www.irs.gov/prior-year-forms-and-instructions?items_per_page=200&page=2,publication,2025
prior,Publication 334 (zh-t),Tax Guide for Small Business (For Individuals Who Use Schedule C) (Chinese-Traditional Version),2024,,https://www.irs.gov/pub/irs-prior/p334zht--2024.pdf,https://www.irs.gov/prior-year-forms-and-instructions?items_per_page=200&page=2,publication,2024
prior,Publication 334 (zh-t),Tax Guide for Small Business (For Individuals Who Use Schedule C or C-EZ) (Chinese-Traditional Version),2023,,https://www.irs.gov/pub/irs-prior/p334zht--2023.pdf,https://www.irs.gov/prior-year-forms-and-instructions?items_per_page=200&page=2,publication,2023
prior,Publication 334 (zh-t),Tax Guide for Small Business (For Individuals Who Use Schedule C or C-EZ) (Chinese-Traditional Version),2022,,https://www.irs.gov/pub/irs-prior/p334zht--2022.pdf,https://www.irs.gov/prior-year-forms-and-instructions?items_per_page=200&page=2,publication,2022
prior,Publication 334 (zh-t),Tax Guide for Small Business (For Individuals Who Use Schedule C or C-EZ) (Chinese-Traditional Version),2021,,https://www.irs.gov/pub/irs-prior/p334zht--2021.pdf,https://www.irs.gov/prior-year-forms-and-instructions?items_per_page=200&page=2,publication,2021
prior,Publication 393,Federal Employment Tax Forms,2009,,https://www.irs.gov/pub/irs-prior/p393--2009.pdf,https://www.irs.gov/prior-year-forms-and-instructions?items_per_page=200&page=2,publication,2009
prior,Publication 393,Federal Employment Tax Forms,2008,,https://www.irs.gov/pub/irs-prior/p393--2008.pdf,https://www.irs.gov/prior-year-forms-and-instructions?items_per_page=200&page=2,publication,2008
prior,Publication 393,Federal Employment Tax Forms,2007,,https://www.irs.gov/pub/irs-prior/p393--2007.pdf,https://www.irs.gov/prior-year-forms-and-instructions?items_per_page=200&page=2,publication,2007
prior,Publication 393,Federal Employment Tax Forms,2006,,https://www.irs.gov/pub/irs-prior/p393--2006.pdf,https://www.irs.gov/prior-year-forms-and-instructions?items_per_page=200&page=2,publication,2006
prior,Publication 393,Federal Employment Tax Forms,2005,,https://www.irs.gov/pub/irs-prior/p393--2005.pdf,https://www.irs.gov/prior-year-forms-and-instructions?items_per_page=200&page=2,publication,2005
prior,Publication 393,Federal Employment Tax Forms,2004,,https://www.irs.gov/pub/irs-prior/p393--2004.pdf,https://www.irs.gov/prior-year-forms-and-instructions?items_per_page=200&page=2,publication,2004
prior,Publication 393,Federal Employment Tax Forms,2003,,https://www.irs.gov/pub/irs-prior/p393--2003.pdf,https://www.irs.gov/prior-year-forms-and-instructions?items_per_page=200&page=2,publication,2003
prior,Publication 393,Federal Employment Tax Forms,2000,,https://www.irs.gov/pub/irs-prior/p393--2000.pdf,https://www.irs.gov/prior-year-forms-and-instructions?items_per_page=200&page=2,publication,2000
prior,Publication 393,Federal Employment Tax Forms,1999,,https://www.irs.gov/pub/irs-prior/p393--1999.pdf,https://www.irs.gov/prior-year-forms-and-instructions?items_per_page=200&page=2,publication,1999
prior,Publication 393,Federal Employment Tax Forms,1996,,https://www.irs.gov/pub/irs-prior/p393--1996.pdf,https://www.irs.gov/prior-year-forms-and-instructions?items_per_page=200&page=2,publication,1996
prior,Publication 393,Federal Employment Tax Forms,1995,,https://www.irs.gov/pub/irs-prior/p393--1995.pdf,https://www.irs.gov/prior-year-forms-and-instructions?items_per_page=200&page=2,publication,1995
prior,Publication 393,Federal Employment Tax Forms,1994,,https://www.irs.gov/pub/irs-prior/p393--1994.pdf,https://www.irs.gov/prior-year-forms-and-instructions?items_per_page=200&page=2,publication,1994
prior,Form 461,Limitation on Business Losses,2025,,https://www.irs.gov/pub/irs-prior/f461--2025.pdf,https://www.irs.gov/prior-year-forms-and-instructions?items_per_page=200&page=2,form,2025
prior,Form 461,Limitation on Business Losses,2024,,https://www.irs.gov/pub/irs-prior/f461--2024.pdf,https://www.irs.gov/prior-year-forms-and-instructions?items_per_page=200&page=2,form,2024
prior,Form 461,Limitation on Business Losses,2023,,https://www.irs.gov/pub/irs-prior/f461--2023.pdf,https://www.irs.gov/prior-year-forms-and-instructions?items_per_page=200&page=2,form,2023
prior,Form 461,Limitation on Business Losses,2022,,https://www.irs.gov/pub/irs-prior/f461--2022.pdf,https://www.irs.gov/prior-year-forms-and-instructions?items_per_page=200&page=2,form,2022
prior,Form 461,Limitation on Business Losses,2021,,https://www.irs.gov/pub/irs-prior/f461--2021.pdf,https://www.irs.gov/prior-year-forms-and-instructions?items_per_page=200&page=2,form,2021
prior,Form 461,Limitation on Business Losses,2019,,https://www.irs.gov/pub/irs-prior/f461--2019.pdf,https://www.irs.gov/prior-year-forms-and-instructions?items_per_page=200&page=2,form,2019
prior,Form 461,Limitation on Business Losses,2018,,https://www.irs.gov/pub/irs-prior/f461--2018.pdf,https://www.irs.gov/prior-year-forms-and-instructions?items_per_page=200&page=2,form,2018
prior,Instruction 461,"Instructions for Form 461, Limitation on Business Losses",2025,,https://www.irs.gov/pub/irs-prior/i461--2025.pdf,https://www.irs.gov/prior-year-forms-and-instructions?items_per_page=200&page=2,instruction,2025
prior,Instruction 461,"Instructions for Form 461, Limitation on Business Losses",2024,,https://www.irs.gov/pub/irs-prior/i461--2024.pdf,https://www.irs.gov/prior-year-forms-and-instructions?items_per_page=200&page=2,instruction,2024
prior,Instruction 461,"Instructions for Form 461, Limitation on Business Losses",2023,,https://www.irs.gov/pub/irs-prior/i461--2023.pdf,https://www.irs.gov/prior-year-forms-and-instructions?items_per_page=200&page=2,instruction,2023
prior,Instruction 461,"Instructions for Form 461, Limitation on Business Losses",2022,,https://www.irs.gov/pub/irs-prior/i461--2022.pdf,https://www.irs.gov/prior-year-forms-and-instructions?items_per_page=200&page=2,instruction,2022
prior,Instruction 461,"Instructions for Form 461, Limitation on Business Losses",2021,,https://www.irs.gov/pub/irs-prior/i461--2021.pdf,https://www.irs.gov/prior-year-forms-and-instructions?items_per_page=200&page=2,instruction,2021
prior,Instruction 461,"Instructions for Form 461, Limitation on Business Losses",2019,,https://www.irs.gov/pub/irs-prior/i461--2019.pdf,https://www.irs.gov/prior-year-forms-and-instructions?items_per_page=200&page=2,instruction,2019
prior,Instruction 461,"Instructions for Form 461, Limitation on Business Losses",2018,,https://www.irs.gov/pub/irs-prior/i461--2018.pdf,https://www.irs.gov/prior-year-forms-and-instructions?items_per_page=200&page=2,instruction,2018
prior,Publication 463,"Travel, Gift, and Car Expenses",2025,,https://www.irs.gov/pub/irs-prior/p463--2025.pdf,https://www.irs.gov/prior-year-forms-and-instructions?items_per_page=200&page=2,publication,2025
prior,Publication 463,"Travel, Gift, and Car Expenses",2024,,https://www.irs.gov/pub/irs-prior/p463--2024.pdf,https://www.irs.gov/prior-year-forms-and-instructions?items_per_page=200&page=2,publication,2024
prior,Publication 463,"Travel, Gift, and Car Expenses",2023,,https://www.irs.gov/pub/irs-prior/p463--2023.pdf,https://www.irs.gov/prior-year-forms-and-instructions?items_per_page=200&page=2,publication,2023
prior,Publication 463,"Travel, Gift, and Car Expenses",2022,,https://www.irs.gov/pub/irs-prior/p463--2022.pdf,https://www.irs.gov/prior-year-forms-and-instructions?items_per_page=200&page=2,publication,2022
prior,Publication 463,"Travel, Gift, and Car Expenses",2021,,https://www.irs.gov/pub/irs-prior/p463--2021.pdf,https://www.irs.gov/prior-year-forms-and-instructions?items_per_page=200&page=2,publication,2021
prior,Publication 463,"Travel, Gift, and Car Expenses",2020,,https://www.irs.gov/pub/irs-prior/p463--2020.pdf,https://www.irs.gov/prior-year-forms-and-instructions?items_per_page=200&page=2,publication,2020
prior,Publication 463,"Travel, Gift, and Car Expenses",2019,,https://www.irs.gov/pub/irs-prior/p463--2019.pdf,https://www.irs.gov/prior-year-forms-and-instructions?items_per_page=200&page=2,publication,2019
prior,Publication 463,"Travel, Gift, and Car Expenses",2018,,https://www.irs.gov/pub/irs-prior/p463--2018.pdf,https://www.irs.gov/prior-year-forms-and-instructions?items_per_page=200&page=2,publication,2018
prior,Publication 463,"Travel, Entertainment, Gift, and Car Expenses",2017,,https://www.irs.gov/pub/irs-prior/p463--2017.pdf,https://www.irs.gov/prior-year-forms-and-instructions?items_per_page=200&page=2,publication,2017
prior,Publication 463,"Travel, Entertainment, Gift, and Car Expenses",2016,,https://www.irs.gov/pub/irs-prior/p463--2016.pdf,https://www.irs.gov/prior-year-forms-and-instructions?items_per_page=200&page=2,publication,2016
prior,Publication 463,"Travel, Entertainment, Gift, and Car Expenses",2015,,https://www.irs.gov/pub/irs-prior/p463--2015.pdf,https://www.irs.gov/prior-year-forms-and-instructions?items_per_page=200&page=2,publication,2015
prior,Publication 463,"Travel, Entertainment, Gift, and Car Expenses",2014,,https://www.irs.gov/pub/irs-prior/p463--2014.pdf,https://www.irs.gov/prior-year-forms-and-instructions?items_per_page=200&page=2,publication,2014
prior,Publication 463,"Travel, Entertainment, Gift, and Car Expenses",2013,,https://www.irs.gov/pub/irs-prior/p463--2013.pdf,https://www.irs.gov/prior-year-forms-and-instructions?items_per_page=200&page=2,publication,2013
prior,Publication 463,"Travel, Entertainment, Gift, and Car Expenses",2012,,https://www.irs.gov/pub/irs-prior/p463--2012.pdf,https://www.irs.gov/prior-year-forms-and-instructions?items_per_page=200&page=2,publication,2012
prior,Publication 463,"Travel, Entertainment, Gift, and Car Expenses",2011,,https://www.irs.gov/pub/irs-prior/p463--2011.pdf,https://www.irs.gov/prior-year-forms-and-instructions?items_per_page=200&page=2,publication,2011
prior,Publication 463,"Travel, Entertainment, Gift, and Car Expenses",2010,,https://www.irs.gov/pub/irs-prior/p463--2010.pdf,https://www.irs.gov/prior-year-forms-and-instructions?items_per_page=200&page=2,publication,2010
prior,Publication 463,"Travel, Entertainment, Gift, and Car Expenses",2009,,https://www.irs.gov/pub/irs-prior/p463--2009.pdf,https://www.irs.gov/prior-year-forms-and-instructions?items_per_page=200&page=2,publication,2009
prior,Publication 463,"Travel, Entertainment, Gift, and Car Expenses",2008,,https://www.irs.gov/pub/irs-prior/p463--2008.pdf,https://www.irs.gov/prior-year-forms-and-instructions?items_per_page=200&page=2,publication,2008
prior,Publication 463,"Travel, Entertainment, Gift, and Car Expenses",2007,,https://www.irs.gov/pub/irs-prior/p463--2007.pdf,https://www.irs.gov/prior-year-forms-and-instructions?items_per_page=200&page=2,publication,2007
prior,Publication 463,"Travel, Entertainment, Gift, and Car Expenses",2006,,https://www.irs.gov/pub/irs-prior/p463--2006.pdf,https://www.irs.gov/prior-year-forms-and-instructions?items_per_page=200&page=2,publication,2006
prior,Publication 463,"Travel, Entertainment, Gift, and Car Expenses",2005,,https://www.irs.gov/pub/irs-prior/p463--2005.pdf,https://www.irs.gov/prior-year-forms-and-instructions?items_per_page=200&page=2,publication,2005
prior,Publication 463,"Travel, Entertainment, Gift, and Car Expenses",2004,,https://www.irs.gov/pub/irs-prior/p463--2004.pdf,https://www.irs.gov/prior-year-forms-and-instructions?items_per_page=200&page=2,publication,2004
prior,Publication 463,"Travel, Entertainment, Gift, and Car Expenses",2003,,https://www.irs.gov/pub/irs-prior/p463--2003.pdf,https://www.irs.gov/prior-year-forms-and-instructions?items_per_page=200&page=2,publication,2003
prior,Publication 463,"Travel, Entertainment, Gift, and Car Expenses",2002,,https://www.irs.gov/pub/irs-prior/p463--2002.pdf,https://www.irs.gov/prior-year-forms-and-instructions?items_per_page=200&page=2,publication,2002
prior,Publication 463,"Travel, Entertainment, Gift, and Car Expenses",2001,,https://www.irs.gov/pub/irs-prior/p463--2001.pdf,https://www.irs.gov/prior-year-forms-and-instructions?items_per_page=200&page=2,publication,2001
prior,Publication 463,"Travel, Entertainment, Gift, and Car Expenses",2000,,https://www.irs.gov/pub/irs-prior/p463--2000.pdf,https://www.irs.gov/prior-year-forms-and-instructions?items_per_page=200&page=2,publication,2000
prior,Publication 463,"Travel, Entertainment, Gift, and Car Expenses",1999,,https://www.irs.gov/pub/irs-prior/p463--1999.pdf,https://www.irs.gov/prior-year-forms-and-instructions?items_per_page=200&page=2,publication,1999
prior,Publication 463,"Travel, Entertainment, Gift, and Car Expenses",1998,,https://www.irs.gov/pub/irs-prior/p463--1998.pdf,https://www.irs.gov/prior-year-forms-and-instructions?items_per_page=200&page=2,publication,1998
prior,Publication 463,"Travel, Entertainment, Gift, and Car Expenses",1997,,https://www.irs.gov/pub/irs-prior/p463--1997.pdf,https://www.irs.gov/prior-year-forms-and-instructions?items_per_page=200&page=2,publication,1997
prior,Publication 463,"Travel, Entertainment, Gift, and Car Expenses",1996,,https://www.irs.gov/pub/irs-prior/p463--1996.pdf,https://www.irs.gov/prior-year-forms-and-instructions?items_per_page=200&page=2,publication,1996
prior,Publication 463,"Travel, Entertainment, Gift, and Car Expenses",1995,,https://www.irs.gov/pub/irs-prior/p463--1995.pdf,https://www.irs.gov/prior-year-forms-and-instructions?items_per_page=200&page=2,publication,1995
prior,Publication 463,"Travel, Entertainment, Gift, and Car Expenses",1994,,https://www.irs.gov/pub/irs-prior/p463--1994.pdf,https://www.irs.gov/prior-year-forms-and-instructions?items_per_page=200&page=2,publication,1994
prior,Publication 463-SUPP,"Supplement to Publication 463 Travel, Entertainment, Gift, and Car Expenses",2001,,https://www.irs.gov/pub/irs-prior/p463supp--2001.pdf,https://www.irs.gov/prior-year-forms-and-instructions?items_per_page=200&page=2,publication,2001
prior,Publication 501,"Dependents, Standard Deduction, and Filing Information",2025,,https://www.irs.gov/pub/irs-prior/p501--2025.pdf,https://www.irs.gov/prior-year-forms-and-instructions?items_per_page=200&page=2,publication,2025
prior,Publication 501,"Dependents, Standard Deduction, and Filing Information",2024,,https://www.irs.gov/pub/irs-prior/p501--2024.pdf,https://www.irs.gov/prior-year-forms-and-instructions?items_per_page=200&page=2,publication,2024
prior,Publication 501,"Dependents, Standard Deduction, and Filing Information",2023,,https://www.irs.gov/pub/irs-prior/p501--2023.pdf,https://www.irs.gov/prior-year-forms-and-instructions?items_per_page=200&page=2,publication,2023
prior,Publication 501,"Dependents, Standard Deduction, and Filing Information",2022,,https://www.irs.gov/pub/irs-prior/p501--2022.pdf,https://www.irs.gov/prior-year-forms-and-instructions?items_per_page=200&page=2,publication,2022
prior,Publication 501,"Dependents, Standard Deduction, and Filing Information",2021,,https://www.irs.gov/pub/irs-prior/p501--2021.pdf,https://www.irs.gov/prior-year-forms-and-instructions?items_per_page=200&page=2,publication,2021
prior,Publication 501,"Dependents, Standard Deduction, and Filing Information",2020,,https://www.irs.gov/pub/irs-prior/p501--2020.pdf,https://www.irs.gov/prior-year-forms-and-instructions?items_per_page=200&page=2,publication,2020
prior,Publication 501,"Dependents, Standard Deduction, and Filing Information",2019,,https://www.irs.gov/pub/irs-prior/p501--2019.pdf,https://www.irs.gov/prior-year-forms-and-instructions?items_per_page=200&page=2,publication,2019
prior,Publication 501,"Dependents, Standard Deduction, and Filing Information",2018,,https://www.irs.gov/pub/irs-prior/p501--2018.pdf,https://www.irs.gov/prior-year-forms-and-instructions?items_per_page=200&page=2,publication,2018
prior,Publication 501,"Exemptions, Standard Deduction, and Filing Information",2017,,https://www.irs.gov/pub/irs-prior/p501--2017.pdf,https://www.irs.gov/prior-year-forms-and-instructions?items_per_page=200&page=2,publication,2017
prior,Publication 501,"Exemptions, Standard Deduction, and Filing Information",2016,,https://www.irs.gov/pub/irs-prior/p501--2016.pdf,https://www.irs.gov/prior-year-forms-and-instructions?items_per_page=200&page=2,publication,2016
prior,Publication 501,"Exemptions, Standard Deduction, and Filing Information",2015,,https://www.irs.gov/pub/irs-prior/p501--2015.pdf,https://www.irs.gov/prior-year-forms-and-instructions?items_per_page=200&page=2,publication,2015
prior,Publication 501,"Exemptions, Standard Deduction, and Filing Information",2014,,https://www.irs.gov/pub/irs-prior/p501--2014.pdf,https://www.irs.gov/prior-year-forms-and-instructions?items_per_page=200&page=3,publication,2014
prior,Publication 501,"Exemptions, Standard Deduction, and Filing Information",2013,,https://www.irs.gov/pub/irs-prior/p501--2013.pdf,https://www.irs.gov/prior-year-forms-and-instructions?items_per_page=200&page=3,publication,2013
prior,Publication 501,"Exemptions, Standard Deduction, and Filing Information",2012,,https://www.irs.gov/pub/irs-prior/p501--2012.pdf,https://www.irs.gov/prior-year-forms-and-instructions?items_per_page=200&page=3,publication,2012
prior,Publication 501,"Exemptions, Standard Deduction, and Filing Information",2011,,https://www.irs.gov/pub/irs-prior/p501--2011.pdf,https://www.irs.gov/prior-year-forms-and-instructions?items_per_page=200&page=3,publication,2011
prior,Publication 501,"Exemptions, Standard Deduction, and Filing Information",2010,,https://www.irs.gov/pub/irs-prior/p501--2010.pdf,https://www.irs.gov/prior-year-forms-and-instructions?items_per_page=200&page=3,publication,2010
prior,Publication 501,"Exemptions, Standard Deduction, and Filing Information",2009,,https://www.irs.gov/pub/irs-prior/p501--2009.pdf,https://www.irs.gov/prior-year-forms-and-instructions?items_per_page=200&page=3,publication,2009
prior,Publication 501,"Exemptions, Standard Deduction, and Filing Information",2008,,https://www.irs.gov/pub/irs-prior/p501--2008.pdf,https://www.irs.gov/prior-year-forms-and-instructions?items_per_page=200&page=3,publication,2008
prior,Publication 501,"Exemptions, Standard Deduction, and Filing Information",2007,,https://www.irs.gov/pub/irs-prior/p501--2007.pdf,https://www.irs.gov/prior-year-forms-and-instructions?items_per_page=200&page=3,publication,2007
prior,Publication 501,"Exemptions, Standard Deduction, and Filing Information",2006,,https://www.irs.gov/pub/irs-prior/p501--2006.pdf,https://www.irs.gov/prior-year-forms-and-instructions?items_per_page=200&page=3,publication,2006
prior,Publication 501,"Exemptions, Standard Deduction, and Filing Information",2005,,https://www.irs.gov/pub/irs-prior/p501--2005.pdf,https://www.irs.gov/prior-year-forms-and-instructions?items_per_page=200&page=3,publication,2005
prior,Publication 501,"Exemptions, Standard Deduction, and Filing Information",2004,,https://www.irs.gov/pub/irs-prior/p501--2004.pdf,https://www.irs.gov/prior-year-forms-and-instructions?items_per_page=200&page=3,publication,2004
prior,Publication 501,"Exemptions, Standard Deduction, and Filing Information",2003,,https://www.irs.gov/pub/irs-prior/p501--2003.pdf,https://www.irs.gov/prior-year-forms-and-instructions?items_per_page=200&page=3,publication,2003
prior,Publication 501,"Exemptions, Standard Deduction, and Filing Information",2002,,https://www.irs.gov/pub/irs-prior/p501--2002.pdf,https://www.irs.gov/prior-year-forms-and-instructions?items_per_page=200&page=3,publication,2002
prior,Publication 501,"Exemptions, Standard Deduction, and Filing Information",2001,,https://www.irs.gov/pub/irs-prior/p501--2001.pdf,https://www.irs.gov/prior-year-forms-and-instructions?items_per_page=200&page=3,publication,2001
prior,Publication 501,"Exemptions, Standard Deduction, and Filing Information",2000,,https://www.irs.gov/pub/irs-prior/p501--2000.pdf,https://www.irs.gov/prior-year-forms-and-instructions?items_per_page=200&page=3,publication,2000
prior,Publication 501,"Exemptions, Standard Deduction, and Filing Information",1999,,https://www.irs.gov/pub/irs-prior/p501--1999.pdf,https://www.irs.gov/prior-year-forms-and-instructions?items_per_page=200&page=3,publication,1999
prior,Publication 501,"Exemptions, Standard Deduction, and Filing Information",1998,,https://www.irs.gov/pub/irs-prior/p501--1998.pdf,https://www.irs.gov/prior-year-forms-and-instructions?items_per_page=200&page=3,publication,1998
prior,Publication 501,"Exemptions, Standard Deduction, and Filing Information",1997,,https://www.irs.gov/pub/irs-prior/p501--1997.pdf,https://www.irs.gov/prior-year-forms-and-instructions?items_per_page=200&page=3,publication,1997
prior,Publication 501,"Exemptions, Standard Deduction, and Filing Information",1996,,https://www.irs.gov/pub/irs-prior/p501--1996.pdf,https://www.irs.gov/prior-year-forms-and-instructions?items_per_page=200&page=3,publication,1996
prior,Publication 501,"Exemptions, Standard Deduction, and Filing Information",1995,,https://www.irs.gov/pub/irs-prior/p501--1995.pdf,https://www.irs.gov/prior-year-forms-and-instructions?items_per_page=200&page=3,publication,1995
prior,Publication 501,"Exemptions, Standard Deduction, and Filing Information",1994,,https://www.irs.gov/pub/irs-prior/p501--1994.pdf,https://www.irs.gov/prior-year-forms-and-instructions?items_per_page=200&page=3,publication,1994
prior,Publication 502,Medical and Dental Expenses,2025,,https://www.irs.gov/pub/irs-prior/p502--2025.pdf,https://www.irs.gov/prior-year-forms-and-instructions?items_per_page=200&page=3,publication,2025
prior,Publication 502,Medical and Dental Expenses,2024,,https://www.irs.gov/pub/irs-prior/p502--2024.pdf,https://www.irs.gov/prior-year-forms-and-instructions?items_per_page=200&page=3,publication,2024
prior,Publication 502,Medical and Dental Expenses,2023,,https://www.irs.gov/pub/irs-prior/p502--2023.pdf,https://www.irs.gov/prior-year-forms-and-instructions?items_per_page=200&page=3,publication,2023
prior,Publication 502,Medical and Dental Expenses,2022,,https://www.irs.gov/pub/irs-prior/p502--2022.pdf,https://www.irs.gov/prior-year-forms-and-instructions?items_per_page=200&page=3,publication,2022
prior,Publication 502,Medical and Dental Expenses,2021,,https://www.irs.gov/pub/irs-prior/p502--2021.pdf,https://www.irs.gov/prior-year-forms-and-instructions?items_per_page=200&page=3,publication,2021
prior,Publication 502,Medical and Dental Expenses,2020,,https://www.irs.gov/pub/irs-prior/p502--2020.pdf,https://www.irs.gov/prior-year-forms-and-instructions?items_per_page=200&page=3,publication,2020
prior,Publication 502,Medical and Dental Expenses,2019,,https://www.irs.gov/pub/irs-prior/p502--2019.pdf,https://www.irs.gov/prior-year-forms-and-instructions?items_per_page=200&page=3,publication,2019
prior,Publication 502,Medical and Dental Expenses,2018,,https://www.irs.gov/pub/irs-prior/p502--2018.pdf,https://www.irs.gov/prior-year-forms-and-instructions?items_per_page=200&page=3,publication,2018
prior,Publication 502,Medical and Dental Expenses,2017,,https://www.irs.gov/pub/irs-prior/p502--2017.pdf,https://www.irs.gov/prior-year-forms-and-instructions?items_per_page=200&page=3,publication,2017
prior,Publication 502,Medical and Dental Expenses,2016,,https://www.irs.gov/pub/irs-prior/p502--2016.pdf,https://www.irs.gov/prior-year-forms-and-instructions?items_per_page=200&page=3,publication,2016
prior,Publication 502,Medical and Dental Expenses,2015,,https://www.irs.gov/pub/irs-prior/p502--2015.pdf,https://www.irs.gov/prior-year-forms-and-instructions?items_per_page=200&page=3,publication,2015
prior,Publication 502,Medical and Dental Expenses,2014,,https://www.irs.gov/pub/irs-prior/p502--2014.pdf,https://www.irs.gov/prior-year-forms-and-instructions?items_per_page=200&page=3,publication,2014
prior,Publication 502,Medical and Dental Expenses Including the Health Coverage Tax Credit,2013,,https://www.irs.gov/pub/irs-prior/p502--2013.pdf,https://www.irs.gov/prior-year-forms-and-instructions?items_per_page=200&page=3,publication,2013
prior,Publication 502,Medical and Dental Expenses Including the Health Coverage Tax Credit,2012,,https://www.irs.gov/pub/irs-prior/p502--2012.pdf,https://www.irs.gov/prior-year-forms-and-instructions?items_per_page=200&page=3,publication,2012
prior,Publication 502,Medical and Dental Expenses Including the Health Coverage Tax Credit,2011,,https://www.irs.gov/pub/irs-prior/p502--2011.pdf,https://www.irs.gov/prior-year-forms-and-instructions?items_per_page=200&page=3,publication,2011
prior,Publication 502,Medical and Dental Expenses,2010,,https://www.irs.gov/pub/irs-prior/p502--2010.pdf,https://www.irs.gov/prior-year-forms-and-instructions?items_per_page=200&page=3,publication,2010
prior,Publication 502,Medical and Dental Expenses,2009,,https://www.irs.gov/pub/irs-prior/p502--2009.pdf,https://www.irs.gov/prior-year-forms-and-instructions?items_per_page=200&page=3,publication,2009
prior,Publication 502,Medical and Dental Expenses,2008,,https://www.irs.gov/pub/irs-prior/p502--2008.pdf,https://www.irs.gov/prior-year-forms-and-instructions?items_per_page=200&page=3,publication,2008
prior,Publication 502,Medical and Dental Expenses,2007,,https://www.irs.gov/pub/irs-prior/p502--2007.pdf,https://www.irs.gov/prior-year-forms-and-instructions?items_per_page=200&page=3,publication,2007
prior,Publication 502,Medical and Dental Expenses,2006,,https://www.irs.gov/pub/irs-prior/p502--2006.pdf,https://www.irs.gov/prior-year-forms-and-instructions?items_per_page=200&page=3,publication,2006
prior,Publication 502,Medical and Dental Expenses,2005,,https://www.irs.gov/pub/irs-prior/p502--2005.pdf,https://www.irs.gov/prior-year-forms-and-instructions?items_per_page=200&page=3,publication,2005
prior,Publication 502,Medical and Dental Expenses,2004,,https://www.irs.gov/pub/irs-prior/p502--2004.pdf,https://www.irs.gov/prior-year-forms-and-instructions?items_per_page=200&page=3,publication,2004
prior,Publication 502,Medical and Dental Expenses,2003,,https://www.irs.gov/pub/irs-prior/p502--2003.pdf,https://www.irs.gov/prior-year-forms-and-instructions?items_per_page=200&page=3,publication,2003
prior,Publication 502,Medical and Dental Expenses,2002,,https://www.irs.gov/pub/irs-prior/p502--2002.pdf,https://www.irs.gov/prior-year-forms-and-instructions?items_per_page=200&page=3,publication,2002
prior,Publication 502,Medical and Dental Expenses,2001,,https://www.irs.gov/pub/irs-prior/p502--2001.pdf,https://www.irs.gov/prior-year-forms-and-instructions?items_per_page=200&page=3,publication,2001
prior,Publication 502,Medical and Dental Expenses,2000,,https://www.irs.gov/pub/irs-prior/p502--2000.pdf,https://www.irs.gov/prior-year-forms-and-instructions?items_per_page=200&page=3,publication,2000
prior,Publication 502,Medical and Dental Expenses,1999,,https://www.irs.gov/pub/irs-prior/p502--1999.pdf,https://www.irs.gov/prior-year-forms-and-instructions?items_per_page=200&page=3,publication,1999
prior,Publication 502,Medical and Dental Expenses,1998,,https://www.irs.gov/pub/irs-prior/p502--1998.pdf,https://www.irs.gov/prior-year-forms-and-instructions?items_per_page=200&page=3,publication,1998
prior,Publication 502,Medical and Dental Expenses,1995,,https://www.irs.gov/pub/irs-prior/p502--1995.pdf,https://www.irs.gov/prior-year-forms-and-instructions?items_per_page=200&page=3,publication,1995
prior,Publication 502,Medical and Dental Expenses,1994,,https://www.irs.gov/pub/irs-prior/p502--1994.pdf,https://www.irs.gov/prior-year-forms-and-instructions?items_per_page=200&page=3,publication,1994
prior,Publication 503,Child and Dependent Care Expenses,2025,,https://www.irs.gov/pub/irs-prior/p503--2025.pdf,https://www.irs.gov/prior-year-forms-and-instructions?items_per_page=200&page=3,publication,2025
prior,Publication 503,Child and Dependent Care Expenses,2024,,https://www.irs.gov/pub/irs-prior/p503--2024.pdf,https://www.irs.gov/prior-year-forms-and-instructions?items_per_page=200&page=3,publication,2024
prior,Publication 503,Child and Dependent Care Expenses,2023,,https://www.irs.gov/pub/irs-prior/p503--2023.pdf,https://www.irs.gov/prior-year-forms-and-instructions?items_per_page=200&page=3,publication,2023
prior,Publication 503,Child and Dependent Care Expenses,2022,,https://www.irs.gov/pub/irs-prior/p503--2022.pdf,https://www.irs.gov/prior-year-forms-and-instructions?items_per_page=200&page=3,publication,2022
prior,Publication 503,Child and Dependent Care Expenses,2021,,https://www.irs.gov/pub/irs-prior/p503--2021.pdf,https://www.irs.gov/prior-year-forms-and-instructions?items_per_page=200&page=3,publication,2021
prior,Publication 503,Child and Dependent Care Expenses,2020,,https://www.irs.gov/pub/irs-prior/p503--2020.pdf,https://www.irs.gov/prior-year-forms-and-instructions?items_per_page=200&page=3,publication,2020
prior,Publication 503,Child and Dependent Care Expenses,2019,,https://www.irs.gov/pub/irs-prior/p503--2019.pdf,https://www.irs.gov/prior-year-forms-and-instructions?items_per_page=200&page=3,publication,2019
prior,Publication 503,Child and Dependent Care Expenses,2018,,https://www.irs.gov/pub/irs-prior/p503--2018.pdf,https://www.irs.gov/prior-year-forms-and-instructions?items_per_page=200&page=3,publication,2018
prior,Publication 503,Child and Dependent Care Expenses,2017,,https://www.irs.gov/pub/irs-prior/p503--2017.pdf,https://www.irs.gov/prior-year-forms-and-instructions?items_per_page=200&page=3,publication,2017
prior,Publication 503,Child and Dependent Care Expenses,2016,,https://www.irs.gov/pub/irs-prior/p503--2016.pdf,https://www.irs.gov/prior-year-forms-and-instructions?items_per_page=200&page=3,publication,2016
prior,Publication 503,Child and Dependent Care Expenses,2015,,https://www.irs.gov/pub/irs-prior/p503--2015.pdf,https://www.irs.gov/prior-year-forms-and-instructions?items_per_page=200&page=3,publication,2015
prior,Publication 503,Child and Dependent Care Expenses,2014,,https://www.irs.gov/pub/irs-prior/p503--2014.pdf,https://www.irs.gov/prior-year-forms-and-instructions?items_per_page=200&page=3,publication,2014
prior,Publication 503,Child and Dependent Care Expenses,2013,,https://www.irs.gov/pub/irs-prior/p503--2013.pdf,https://www.irs.gov/prior-year-forms-and-instructions?items_per_page=200&page=3,publication,2013
prior,Publication 503,Child and Dependent Care Expenses,2012,,https://www.irs.gov/pub/irs-prior/p503--2012.pdf,https://www.irs.gov/prior-year-forms-and-instructions?items_per_page=200&page=3,publication,2012
prior,Publication 503,Child and Dependent Care Expenses,2011,,https://www.irs.gov/pub/irs-prior/p503--2011.pdf,https://www.irs.gov/prior-year-forms-and-instructions?items_per_page=200&page=3,publication,2011
prior,Publication 503,Child and Dependent Care Expenses,2010,,https://www.irs.gov/pub/irs-prior/p503--2010.pdf,https://www.irs.gov/prior-year-forms-and-instructions?items_per_page=200&page=3,publication,2010
prior,Publication 503,Child and Dependent Care Expenses,2009,,https://www.irs.gov/pub/irs-prior/p503--2009.pdf,https://www.irs.gov/prior-year-forms-and-instructions?items_per_page=200&page=3,publication,2009
prior,Publication 503,Child and Dependent Care Expenses,2008,,https://www.irs.gov/pub/irs-prior/p503--2008.pdf,https://www.irs.gov/prior-year-forms-and-instructions?items_per_page=200&page=3,publication,2008
prior,Publication 503,Child and Dependent Care Expenses,2007,,https://www.irs.gov/pub/irs-prior/p503--2007.pdf,https://www.irs.gov/prior-year-forms-and-instructions?items_per_page=200&page=3,publication,2007
prior,Publication 503,Child and Dependent Care Expenses,2006,,https://www.irs.gov/pub/irs-prior/p503--2006.pdf,https://www.irs.gov/prior-year-forms-and-instructions?items_per_page=200&page=3,publication,2006
prior,Publication 503,Child and Dependent Care Expenses,2005,,https://www.irs.gov/pub/irs-prior/p503--2005.pdf,https://www.irs.gov/prior-year-forms-and-instructions?items_per_page=200&page=3,publication,2005
prior,Publication 503,Child and Dependent Care Expenses,2004,,https://www.irs.gov/pub/irs-prior/p503--2004.pdf,https://www.irs.gov/prior-year-forms-and-instructions?items_per_page=200&page=3,publication,2004
prior,Publication 503,Child and Dependent Care Expenses,2003,,https://www.irs.gov/pub/irs-prior/p503--2003.pdf,https://www.irs.gov/prior-year-forms-and-instructions?items_per_page=200&page=3,publication,2003
prior,Publication 503,Child and Dependent Care Expenses,2002,,https://www.irs.gov/pub/irs-prior/p503--2002.pdf,https://www.irs.gov/prior-year-forms-and-instructions?items_per_page=200&page=3,publication,2002
prior,Publication 503,Child and Dependent Care Expenses,2001,,https://www.irs.gov/pub/irs-prior/p503--2001.pdf,https://www.irs.gov/prior-year-forms-and-instructions?items_per_page=200&page=3,publication,2001
prior,Publication 503,Child and Dependent Care Expenses,2000,,https://www.irs.gov/pub/irs-prior/p503--2000.pdf,https://www.irs.gov/prior-year-forms-and-instructions?items_per_page=200&page=3,publication,2000
prior,Publication 503,Child and Dependent Care Expenses,1999,,https://www.irs.gov/pub/irs-prior/p503--1999.pdf,https://www.irs.gov/prior-year-forms-and-instructions?items_per_page=200&page=3,publication,1999
prior,Publication 503,Child and Dependent Care Expenses,1998,,https://www.irs.gov/pub/irs-prior/p503--1998.pdf,https://www.irs.gov/prior-year-forms-and-instructions?items_per_page=200&page=3,publication,1998
prior,Publication 503,Child and Dependent Care Expenses,1997,,https://www.irs.gov/pub/irs-prior/p503--1997.pdf,https://www.irs.gov/prior-year-forms-and-instructions?items_per_page=200&page=3,publication,1997
prior,Publication 503,Child and Dependent Care Expenses,1996,,https://www.irs.gov/pub/irs-prior/p503--1996.pdf,https://www.irs.gov/prior-year-forms-and-instructions?items_per_page=200&page=3,publication,1996
prior,Publication 503,Child and Dependent Care Expenses,1995,,https://www.irs.gov/pub/irs-prior/p503--1995.pdf,https://www.irs.gov/prior-year-forms-and-instructions?items_per_page=200&page=3,publication,1995
prior,Publication 503,Child and Dependent Care Expenses,1994,,https://www.irs.gov/pub/irs-prior/p503--1994.pdf,https://www.irs.gov/prior-year-forms-and-instructions?items_per_page=200&page=3,publication,1994
prior,Publication 504,Divorced or Separated Individuals,2025,,https://www.irs.gov/pub/irs-prior/p504--2025.pdf,https://www.irs.gov/prior-year-forms-and-instructions?items_per_page=200&page=3,publication,2025
prior,Publication 504,Divorced or Separated Individuals,2024,,https://www.irs.gov/pub/irs-prior/p504--2024.pdf,https://www.irs.gov/prior-year-forms-and-instructions?items_per_page=200&page=3,publication,2024
prior,Publication 504,Divorced or Separated Individuals,2023,,https://www.irs.gov/pub/irs-prior/p504--2023.pdf,https://www.irs.gov/prior-year-forms-and-instructions?items_per_page=200&page=3,publication,2023
prior,Publication 504,Divorced or Separated Individuals,2022,,https://www.irs.gov/pub/irs-prior/p504--2022.pdf,https://www.irs.gov/prior-year-forms-and-instructions?items_per_page=200&page=3,publication,2022
prior,Publication 504,Divorced or Separated Individuals,2021,,https://www.irs.gov/pub/irs-prior/p504--2021.pdf,https://www.irs.gov/prior-year-forms-and-instructions?items_per_page=200&page=3,publication,2021
prior,Publication 504,Divorced or Separated Individuals,2020,,https://www.irs.gov/pub/irs-prior/p504--2020.pdf,https://www.irs.gov/prior-year-forms-and-instructions?items_per_page=200&page=3,publication,2020
prior,Publication 504,Divorced or Separated Individuals,2019,,https://www.irs.gov/pub/irs-prior/p504--2019.pdf,https://www.irs.gov/prior-year-forms-and-instructions?items_per_page=200&page=3,publication,2019
prior,Publication 504,Divorced or Separated Individuals,2018,,https://www.irs.gov/pub/irs-prior/p504--2018.pdf,https://www.irs.gov/prior-year-forms-and-instructions?items_per_page=200&page=3,publication,2018
prior,Publication 504,Divorced or Separated Individuals,2017,,https://www.irs.gov/pub/irs-prior/p504--2017.pdf,https://www.irs.gov/prior-year-forms-and-instructions?items_per_page=200&page=3,publication,2017
prior,Publication 504,Divorced or Separated Individuals,2016,,https://www.irs.gov/pub/irs-prior/p504--2016.pdf,https://www.irs.gov/prior-year-forms-and-instructions?items_per_page=200&page=3,publication,2016
prior,Publication 504,Divorced or Separated Individuals,2015,,https://www.irs.gov/pub/irs-prior/p504--2015.pdf,https://www.irs.gov/prior-year-forms-and-instructions?items_per_page=200&page=3,publication,2015
prior,Publication 504,Divorced or Separated Individuals,2014,,https://www.irs.gov/pub/irs-prior/p504--2014.pdf,https://www.irs.gov/prior-year-forms-and-instructions?items_per_page=200&page=3,publication,2014
prior,Publication 504,Divorced or Separated Individuals,2013,,https://www.irs.gov/pub/irs-prior/p504--2013.pdf,https://www.irs.gov/prior-year-forms-and-instructions?items_per_page=200&page=3,publication,2013
prior,Publication 504,Divorced or Separated Individuals,2012,,https://www.irs.gov/pub/irs-prior/p504--2012.pdf,https://www.irs.gov/prior-year-forms-and-instructions?items_per_page=200&page=3,publication,2012
prior,Publication 504,Divorced or Separated Individuals,2011,,https://www.irs.gov/pub/irs-prior/p504--2011.pdf,https://www.irs.gov/prior-year-forms-and-instructions?items_per_page=200&page=3,publication,2011
prior,Publication 504,Divorced or Separated Individuals,2010,,https://www.irs.gov/pub/irs-prior/p504--2010.pdf,https://www.irs.gov/prior-year-forms-and-instructions?items_per_page=200&page=3,publication,2010
prior,Publication 504,Divorced or Separated Individuals,2009,,https://www.irs.gov/pub/irs-prior/p504--2009.pdf,https://www.irs.gov/prior-year-forms-and-instructions?items_per_page=200&page=3,publication,2009
prior,Publication 504,Divorced or Separated Individuals,2008,,https://www.irs.gov/pub/irs-prior/p504--2008.pdf,https://www.irs.gov/prior-year-forms-and-instructions?items_per_page=200&page=3,publication,2008
prior,Publication 504,Divorced or Separated Individuals,2007,,https://www.irs.gov/pub/irs-prior/p504--2007.pdf,https://www.irs.gov/prior-year-forms-and-instructions?items_per_page=200&page=3,publication,2007
prior,Publication 504,Divorced or Separated Individuals,2006,,https://www.irs.gov/pub/irs-prior/p504--2006.pdf,https://www.irs.gov/prior-year-forms-and-instructions?items_per_page=200&page=3,publication,2006
prior,Publication 504,Divorced or Separated Individuals,2005,,https://www.irs.gov/pub/irs-prior/p504--2005.pdf,https://www.irs.gov/prior-year-forms-and-instructions?items_per_page=200&page=3,publication,2005
prior,Publication 504,Divorced or Separated Individuals,2004,,https://www.irs.gov/pub/irs-prior/p504--2004.pdf,https://www.irs.gov/prior-year-forms-and-instructions?items_per_page=200&page=3,publication,2004
prior,Publication 504,Divorced or Separated Individuals,2003,,https://www.irs.gov/pub/irs-prior/p504--2003.pdf,https://www.irs.gov/prior-year-forms-and-instructions?items_per_page=200&page=3,publication,2003
prior,Publication 504,Divorced or Separated Individuals,2002,,https://www.irs.gov/pub/irs-prior/p504--2002.pdf,https://www.irs.gov/prior-year-forms-and-instructions?items_per_page=200&page=3,publication,2002
prior,Publication 504,Divorced or Separated Individuals,2001,,https://www.irs.gov/pub/irs-prior/p504--2001.pdf,https://www.irs.gov/prior-year-forms-and-instructions?items_per_page=200&page=3,publication,2001
prior,Publication 504,Divorced or Separated Individuals,2000,,https://www.irs.gov/pub/irs-prior/p504--2000.pdf,https://www.irs.gov/prior-year-forms-and-instructions?items_per_page=200&page=3,publication,2000
prior,Publication 504,Divorced or Separated Individuals,1999,,https://www.irs.gov/pub/irs-prior/p504--1999.pdf,https://www.irs.gov/prior-year-forms-and-instructions?items_per_page=200&page=3,publication,1999
prior,Publication 504,Divorced or Separated Individuals,1998,,https://www.irs.gov/pub/irs-prior/p504--1998.pdf,https://www.irs.gov/prior-year-forms-and-instructions?items_per_page=200&page=3,publication,1998
prior,Publication 504,Divorced or Separated Individuals,1997,,https://www.irs.gov/pub/irs-prior/p504--1997.pdf,https://www.irs.gov/prior-year-forms-and-instructions?items_per_page=200&page=3,publication,1997
prior,Publication 504,Divorced or Separated Individuals,1996,,https://www.irs.gov/pub/irs-prior/p504--1996.pdf,https://www.irs.gov/prior-year-forms-and-instructions?items_per_page=200&page=3,publication,1996
prior,Publication 504,Divorced or Separated Individuals,1995,,https://www.irs.gov/pub/irs-prior/p504--1995.pdf,https://www.irs.gov/prior-year-forms-and-instructions?items_per_page=200&page=3,publication,1995
prior,Publication 504,Divorced or Separated Individuals,1994,,https://www.irs.gov/pub/irs-prior/p504--1994.pdf,https://www.irs.gov/prior-year-forms-and-instructions?items_per_page=200&page=3,publication,1994
prior,Publication 505,Tax Withholding and Estimated Tax,2026,,https://www.irs.gov/pub/irs-prior/p505--2026.pdf,https://www.irs.gov/prior-year-forms-and-instructions?items_per_page=200&page=3,publication,2026
prior,Publication 505,Tax Withholding and Estimated Tax,2025,,https://www.irs.gov/pub/irs-prior/p505--2025.pdf,https://www.irs.gov/prior-year-forms-and-instructions?items_per_page=200&page=3,publication,2025
prior,Publication 505,Tax Withholding and Estimated Tax,2024,,https://www.irs.gov/pub/irs-prior/p505--2024.pdf,https://www.irs.gov/prior-year-forms-and-instructions?items_per_page=200&page=3,publication,2024
prior,Publication 505,Tax Withholding and Estimated Tax,2023,,https://www.irs.gov/pub/irs-prior/p505--2023.pdf,https://www.irs.gov/prior-year-forms-and-instructions?items_per_page=200&page=3,publication,2023
prior,Publication 505,Tax Withholding and Estimated Tax,2022,,https://www.irs.gov/pub/irs-prior/p505--2022.pdf,https://www.irs.gov/prior-year-forms-and-instructions?items_per_page=200&page=3,publication,2022
prior,Publication 505,Tax Withholding and Estimated Tax,2021,,https://www.irs.gov/pub/irs-prior/p505--2021.pdf,https://www.irs.gov/prior-year-forms-and-instructions?items_per_page=200&page=3,publication,2021
prior,Publication 505,Tax Withholding and Estimated Tax,2020,,https://www.irs.gov/pub/irs-prior/p505--2020.pdf,https://www.irs.gov/prior-year-forms-and-instructions?items_per_page=200&page=3,publication,2020
prior,Publication 505,Tax Withholding and Estimated Tax,2019,,https://www.irs.gov/pub/irs-prior/p505--2019.pdf,https://www.irs.gov/prior-year-forms-and-instructions?items_per_page=200&page=3,publication,2019
prior,Publication 505,Tax Withholding and Estimated Tax,2018,,https://www.irs.gov/pub/irs-prior/p505--2018.pdf,https://www.irs.gov/prior-year-forms-and-instructions?items_per_page=200&page=3,publication,2018
prior,Publication 505,Tax Withholding and Estimated Tax,2017,,https://www.irs.gov/pub/irs-prior/p505--2017.pdf,https://www.irs.gov/prior-year-forms-and-instructions?items_per_page=200&page=3,publication,2017
prior,Publication 505,Tax Withholding and Estimated Tax,2016,,https://www.irs.gov/pub/irs-prior/p505--2016.pdf,https://www.irs.gov/prior-year-forms-and-instructions?items_per_page=200&page=3,publication,2016
prior,Publication 505,Tax Withholding and Estimated Tax,2015,,https://www.irs.gov/pub/irs-prior/p505--2015.pdf,https://www.irs.gov/prior-year-forms-and-instructions?items_per_page=200&page=3,publication,2015
prior,Publication 505,Tax Withholding and Estimated Tax,2014,,https://www.irs.gov/pub/irs-prior/p505--2014.pdf,https://www.irs.gov/prior-year-forms-and-instructions?items_per_page=200&page=3,publication,2014
prior,Publication 505,Tax Withholding and Estimated Tax,2013,,https://www.irs.gov/pub/irs-prior/p505--2013.pdf,https://www.irs.gov/prior-year-forms-and-instructions?items_per_page=200&page=3,publication,2013
prior,Publication 505,Tax Withholding and Estimated Tax,2012,,https://www.irs.gov/pub/irs-prior/p505--2012.pdf,https://www.irs.gov/prior-year-forms-and-instructions?items_per_page=200&page=3,publication,2012
prior,Publication 505,Tax Withholding and Estimated Tax,2011,,https://www.irs.gov/pub/irs-prior/p505--2011.pdf,https://www.irs.gov/prior-year-forms-and-instructions?items_per_page=200&page=3,publication,2011
prior,Publication 505,Tax Withholding and Estimated Tax,2010,,https://www.irs.gov/pub/irs-prior/p505--2010.pdf,https://www.irs.gov/prior-year-forms-and-instructions?items_per_page=200&page=3,publication,2010
prior,Publication 505,Tax Withholding and Estimated Tax,2009,,https://www.irs.gov/pub/irs-prior/p505--2009.pdf,https://www.irs.gov/prior-year-forms-and-instructions?items_per_page=200&page=3,publication,2009
prior,Publication 505,Tax Withholding and Estimated Tax,2008,,https://www.irs.gov/pub/irs-prior/p505--2008.pdf,https://www.irs.gov/prior-year-forms-and-instructions?items_per_page=200&page=3,publication,2008
prior,Publication 505,Tax Withholding and Estimated Tax,2007,,https://www.irs.gov/pub/irs-prior/p505--2007.pdf,https://www.irs.gov/prior-year-forms-and-instructions?items_per_page=200&page=3,publication,2007
prior,Publication 505,Tax Withholding and Estimated Tax,2006,,https://www.irs.gov/pub/irs-prior/p505--2006.pdf,https://www.irs.gov/prior-year-forms-and-instructions?items_per_page=200&page=3,publication,2006
prior,Publication 505,Tax Withholding and Estimated Tax,2005,,https://www.irs.gov/pub/irs-prior/p505--2005.pdf,https://www.irs.gov/prior-year-forms-and-instructions?items_per_page=200&page=3,publication,2005
prior,Publication 505,Tax Withholding and Estimated Tax,2004,,https://www.irs.gov/pub/irs-prior/p505--2004.pdf,https://www.irs.gov/prior-year-forms-and-instructions?items_per_page=200&page=3,publication,2004
prior,Publication 505,Tax Withholding and Estimated Tax,2002,,https://www.irs.gov/pub/irs-prior/p505--2002.pdf,https://www.irs.gov/prior-year-forms-and-instructions?items_per_page=200&page=3,publication,2002
prior,Publication 505,Tax Withholding and Estimated Tax,2001,,https://www.irs.gov/pub/irs-prior/p505--2001.pdf,https://www.irs.gov/prior-year-forms-and-instructions?items_per_page=200&page=3,publication,2001
prior,Publication 505,Tax Withholding and Estimated Tax,2000,,https://www.irs.gov/pub/irs-prior/p505--2000.pdf,https://www.irs.gov/prior-year-forms-and-instructions?items_per_page=200&page=3,publication,2000
prior,Publication 505,Tax Withholding and Estimated Tax,1999,,https://www.irs.gov/pub/irs-prior/p505--1999.pdf,https://www.irs.gov/prior-year-forms-and-instructions?items_per_page=200&page=3,publication,1999
prior,Publication 505,Tax Withholding and Estimated Tax,1998,,https://www.irs.gov/pub/irs-prior/p505--1998.pdf,https://www.irs.gov/prior-year-forms-and-instructions?items_per_page=200&page=3,publication,1998
prior,Publication 505,Tax Withholding and Estimated Tax,1997,,https://www.irs.gov/pub/irs-prior/p505--1997.pdf,https://www.irs.gov/prior-year-forms-and-instructions?items_per_page=200&page=3,publication,1997
prior,Publication 505,Tax Withholding and Estimated Tax,1996,,https://www.irs.gov/pub/irs-prior/p505--1996.pdf,https://www.irs.gov/prior-year-forms-and-instructions?items_per_page=200&page=3,publication,1996
prior,Publication 505,Tax Withholding and Estimated Tax,1995,,https://www.irs.gov/pub/irs-prior/p505--1995.pdf,https://www.irs.gov/prior-year-forms-and-instructions?items_per_page=200&page=3,publication,1995
prior,Publication 505,Tax Withholding and Estimated Tax,1994,,https://www.irs.gov/pub/irs-prior/p505--1994.pdf,https://www.irs.gov/prior-year-forms-and-instructions?items_per_page=200&page=3,publication,1994
prior,Publication 508,Tax Benefits for Work-Related Education,2002,,https://www.irs.gov/pub/irs-prior/p508--2002.pdf,https://www.irs.gov/prior-year-forms-and-instructions?items_per_page=200&page=3,publication,2002
prior,Publication 508,Tax Benefits for Work-Related Education,2001,,https://www.irs.gov/pub/irs-prior/p508--2001.pdf,https://www.irs.gov/prior-year-forms-and-instructions?items_per_page=200&page=3,publication,2001
prior,Publication 508,Tax Benefits for Work-Related Education,2000,,https://www.irs.gov/pub/irs-prior/p508--2000.pdf,https://www.irs.gov/prior-year-forms-and-instructions?items_per_page=200&page=3,publication,2000
prior,Publication 508,Tax Benefits for Work-Related Education,1999,,https://www.irs.gov/pub/irs-prior/p508--1999.pdf,https://www.irs.gov/prior-year-forms-and-instructions?items_per_page=200&page=3,publication,1999
prior,Publication 508,Tax Benefits for Work-Related Education,1998,,https://www.irs.gov/pub/irs-prior/p508--1998.pdf,https://www.irs.gov/prior-year-forms-and-instructions?items_per_page=200&page=3,publication,1998
prior,Publication 508,Tax Benefits for Work-Related Education,1997,,https://www.irs.gov/pub/irs-prior/p508--1997.pdf,https://www.irs.gov/prior-year-forms-and-instructions?items_per_page=200&page=3,publication,1997
prior,Publication 508,Tax Benefits for Work-Related Education,1996,,https://www.irs.gov/pub/irs-prior/p508--1996.pdf,https://www.irs.gov/prior-year-forms-and-instructions?items_per_page=200&page=3,publication,1996
prior,Publication 508,Tax Benefits for Work-Related Education,1995,,https://www.irs.gov/pub/irs-prior/p508--1995.pdf,https://www.irs.gov/prior-year-forms-and-instructions?items_per_page=200&page=3,publication,1995
prior,Publication 508,Tax Benefits for Work-Related Education,1994,,https://www.irs.gov/pub/irs-prior/p508--1994.pdf,https://www.irs.gov/prior-year-forms-and-instructions?items_per_page=200&page=3,publication,1994
prior,Publication 509,Tax Calendars,2026,,https://www.irs.gov/pub/irs-prior/p509--2026.pdf,https://www.irs.gov/prior-year-forms-and-instructions?items_per_page=200&page=3,publication,2026
prior,Publication 509,Tax Calendars,2025,,https://www.irs.gov/pub/irs-prior/p509--2025.pdf,https://www.irs.gov/prior-year-forms-and-instructions?items_per_page=200&page=3,publication,2025
prior,Publication 509,Tax Calendars,2024,,https://www.irs.gov/pub/irs-prior/p509--2024.pdf,https://www.irs.gov/prior-year-forms-and-instructions?items_per_page=200&page=3,publication,2024
prior,Publication 509,Tax Calendars,2023,,https://www.irs.gov/pub/irs-prior/p509--2023.pdf,https://www.irs.gov/prior-year-forms-and-instructions?items_per_page=200&page=3,publication,2023
prior,Publication 509,Tax Calendars,2022,,https://www.irs.gov/pub/irs-prior/p509--2022.pdf,https://www.irs.gov/prior-year-forms-and-instructions?items_per_page=200&page=3,publication,2022
prior,Publication 509,Tax Calendars,2021,,https://www.irs.gov/pub/irs-prior/p509--2021.pdf,https://www.irs.gov/prior-year-forms-and-instructions?items_per_page=200&page=3,publication,2021
prior,Publication 509,Tax Calendars,2020,,https://www.irs.gov/pub/irs-prior/p509--2020.pdf,https://www.irs.gov/prior-year-forms-and-instructions?items_per_page=200&page=3,publication,2020
prior,Publication 509,Tax Calendars,2019,,https://www.irs.gov/pub/irs-prior/p509--2019.pdf,https://www.irs.gov/prior-year-forms-and-instructions?items_per_page=200&page=3,publication,2019
prior,Publication 509,Tax Calendars,2018,,https://www.irs.gov/pub/irs-prior/p509--2018.pdf,https://www.irs.gov/prior-year-forms-and-instructions?items_per_page=200&page=3,publication,2018
prior,Publication 509,Tax Calendars,2017,,https://www.irs.gov/pub/irs-prior/p509--2017.pdf,https://www.irs.gov/prior-year-forms-and-instructions?items_per_page=200&page=3,publication,2017
prior,Publication 509,Tax Calendars,2016,,https://www.irs.gov/pub/irs-prior/p509--2016.pdf,https://www.irs.gov/prior-year-forms-and-instructions?items_per_page=200&page=3,publication,2016
prior,Publication 509,Tax Calendars,2015,,https://www.irs.gov/pub/irs-prior/p509--2015.pdf,https://www.irs.gov/prior-year-forms-and-instructions?items_per_page=200&page=3,publication,2015
prior,Publication 509,Tax Calendars,2014,,https://www.irs.gov/pub/irs-prior/p509--2014.pdf,https://www.irs.gov/prior-year-forms-and-instructions?items_per_page=200&page=3,publication,2014
prior,Publication 509,Tax Calendars,2013,,https://www.irs.gov/pub/irs-prior/p509--2013.pdf,https://www.irs.gov/prior-year-forms-and-instructions?items_per_page=200&page=3,publication,2013
prior,Publication 509,Tax Calendars,2012,,https://www.irs.gov/pub/irs-prior/p509--2012.pdf,https://www.irs.gov/prior-year-forms-and-instructions?items_per_page=200&page=3,publication,2012
prior,Publication 509,Tax Calendars,2011,,https://www.irs.gov/pub/irs-prior/p509--2011.pdf,https://www.irs.gov/prior-year-forms-and-instructions?items_per_page=200&page=3,publication,2011
prior,Publication 509,Tax Calendars,2010,,https://www.irs.gov/pub/irs-prior/p509--2010.pdf,https://www.irs.gov/prior-year-forms-and-instructions?items_per_page=200&page=3,publication,2010
prior,Publication 509,Tax Calendars,2009,,https://www.irs.gov/pub/irs-prior/p509--2009.pdf,https://www.irs.gov/prior-year-forms-and-instructions?items_per_page=200&page=3,publication,2009
prior,Publication 509,Tax Calendars,2008,,https://www.irs.gov/pub/irs-prior/p509--2008.pdf,https://www.irs.gov/prior-year-forms-and-instructions?items_per_page=200&page=3,publication,2008
prior,Publication 509,Tax Calendars,2007,,https://www.irs.gov/pub/irs-prior/p509--2007.pdf,https://www.irs.gov/prior-year-forms-and-instructions?items_per_page=200&page=3,publication,2007
prior,Publication 509,Tax Calendars,2006,,https://www.irs.gov/pub/irs-prior/p509--2006.pdf,https://www.irs.gov/prior-year-forms-and-instructions?items_per_page=200&page=3,publication,2006
prior,Publication 509,Tax Calendars,2005,,https://www.irs.gov/pub/irs-prior/p509--2005.pdf,https://www.irs.gov/prior-year-forms-and-instructions?items_per_page=200&page=3,publication,2005
prior,Publication 509,Tax Calendars,2004,,https://www.irs.gov/pub/irs-prior/p509--2004.pdf,https://www.irs.gov/prior-year-forms-and-instructions?items_per_page=200&page=3,publication,2004
prior,Publication 510,Excise Taxes,Dec 2025,,https://www.irs.gov/pub/irs-prior/p510--2025.pdf,https://www.irs.gov/prior-year-forms-and-instructions?items_per_page=200&page=3,publication,2025
prior,Publication 510,Excise Taxes,2023,,https://www.irs.gov/pub/irs-prior/p510--2023.pdf,https://www.irs.gov/prior-year-forms-and-instructions?items_per_page=200&page=3,publication,2023
prior,Publication 510,Excise Taxes,2021,,https://www.irs.gov/pub/irs-prior/p510--2021.pdf,https://www.irs.gov/prior-year-forms-and-instructions?items_per_page=200&page=3,publication,2021
prior,Publication 510,Excise Taxes,2020,,https://www.irs.gov/pub/irs-prior/p510--2020.pdf,https://www.irs.gov/prior-year-forms-and-instructions?items_per_page=200&page=3,publication,2020
prior,Publication 510,Excise Taxes,2018,,https://www.irs.gov/pub/irs-prior/p510--2018.pdf,https://www.irs.gov/prior-year-forms-and-instructions?items_per_page=200&page=3,publication,2018
prior,Publication 510,Excise Taxes,2016,,https://www.irs.gov/pub/irs-prior/p510--2016.pdf,https://www.irs.gov/prior-year-forms-and-instructions?items_per_page=200&page=3,publication,2016
prior,Publication 510,Excise Taxes,2015,,https://www.irs.gov/pub/irs-prior/p510--2015.pdf,https://www.irs.gov/prior-year-forms-and-instructions?items_per_page=200&page=3,publication,2015
prior,Publication 510,Excise Taxes,2013,,https://www.irs.gov/pub/irs-prior/p510--2013.pdf,https://www.irs.gov/prior-year-forms-and-instructions?items_per_page=200&page=3,publication,2013
prior,Publication 510,Excise Taxes,2012,,https://www.irs.gov/pub/irs-prior/p510--2012.pdf,https://www.irs.gov/prior-year-forms-and-instructions?items_per_page=200&page=3,publication,2012
prior,Publication 510,Excise Taxes,2009,,https://www.irs.gov/pub/irs-prior/p510--2009.pdf,https://www.irs.gov/prior-year-forms-and-instructions?items_per_page=200&page=3,publication,2009
prior,Publication 510,Excise Taxes,2008,,https://www.irs.gov/pub/irs-prior/p510--2008.pdf,https://www.irs.gov/prior-year-forms-and-instructions?items_per_page=200&page=3,publication,2008
prior,Publication 510,Excise Taxes,2007,,https://www.irs.gov/pub/irs-prior/p510--2007.pdf,https://www.irs.gov/prior-year-forms-and-instructions?items_per_page=200&page=3,publication,2007
prior,Publication 510,Excise Taxes,2006,,https://www.irs.gov/pub/irs-prior/p510--2006.pdf,https://www.irs.gov/prior-year-forms-and-instructions?items_per_page=200&page=3,publication,2006
prior,Publication 510,Excise Taxes,2005,,https://www.irs.gov/pub/irs-prior/p510--2005.pdf,https://www.irs.gov/prior-year-forms-and-instructions?items_per_page=200&page=3,publication,2005
prior,Publication 510,Excise Taxes,2004,,https://www.irs.gov/pub/irs-prior/p510--2004.pdf,https://www.irs.gov/prior-year-forms-and-instructions?items_per_page=200&page=3,publication,2004
prior,Publication 510,Excise Taxes,2003,,https://www.irs.gov/pub/irs-prior/p510--2003.pdf,https://www.irs.gov/prior-year-forms-and-instructions?items_per_page=200&page=3,publication,2003
prior,Publication 510,Excise Taxes,2002,,https://www.irs.gov/pub/irs-prior/p510--2002.pdf,https://www.irs.gov/prior-year-forms-and-instructions?items_per_page=200&page=3,publication,2002
prior,Publication 510,Excise Taxes,2001,,https://www.irs.gov/pub/irs-prior/p510--2001.pdf,https://www.irs.gov/prior-year-forms-and-instructions?items_per_page=200&page=3,publication,2001
prior,Publication 510,Excise Taxes,2000,,https://www.irs.gov/pub/irs-prior/p510--2000.pdf,https://www.irs.gov/prior-year-forms-and-instructions?items_per_page=200&page=3,publication,2000
prior,Publication 510,Excise Taxes,1999,,https://www.irs.gov/pub/irs-prior/p510--1999.pdf,https://www.irs.gov/prior-year-forms-and-instructions?items_per_page=200&page=3,publication,1999
prior,Publication 510,Excise Taxes,1998,,https://www.irs.gov/pub/irs-prior/p510--1998.pdf,https://www.irs.gov/prior-year-forms-and-instructions?items_per_page=200&page=3,publication,1998
